run_id,config_id,repeat,status,step,measured,phase,context,name,direction,duration_s,timing_synchronized,transferred_gb,effective_bandwidth_gb_s,event_status
FP32-FINAL-CPU-BEST-r1,FP32-FINAL-CPU-BEST,1,ok,1,False,rollout,rollout,actor_parameters,cpu_to_gpu,0.2784733846783638,False,5.750783920288086,,end
FP32-FINAL-CPU-BEST-r1,FP32-FINAL-CPU-BEST,1,ok,1,False,actor_log_prob,actor_log_prob,actor_parameters,gpu_to_cpu,0.6389184258878231,False,5.750783920288086,,end
FP32-FINAL-CPU-BEST-r1,FP32-FINAL-CPU-BEST,1,ok,1,False,reference_log_prob,reference_log_prob,reference_parameters,cpu_to_gpu,0.26821934431791306,False,5.750783920288086,,end
FP32-FINAL-CPU-BEST-r1,FP32-FINAL-CPU-BEST,1,ok,1,False,reference_log_prob,reference_log_prob,reference_parameters,gpu_to_cpu,0.6293420195579529,False,5.750783920288086,,end
FP32-FINAL-CPU-BEST-r1,FP32-FINAL-CPU-BEST,1,ok,1,False,actor_update,actor_update,actor_parameters,cpu_to_gpu,0.26293421164155006,False,5.750783920288086,,end
FP32-FINAL-CPU-BEST-r1,FP32-FINAL-CPU-BEST,1,ok,1,False,actor_update,actor_update,actor_parameters,gpu_to_cpu,0.6903110034763813,False,5.750783920288086,,end
FP32-FINAL-CPU-BEST-r1,FP32-FINAL-CPU-BEST,1,ok,2,False,rollout,rollout,actor_parameters,cpu_to_gpu,0.2954336069524288,False,5.750783920288086,,end
FP32-FINAL-CPU-BEST-r1,FP32-FINAL-CPU-BEST,1,ok,2,False,actor_log_prob,actor_log_prob,actor_parameters,gpu_to_cpu,0.6316775754094124,False,5.750783920288086,,end
FP32-FINAL-CPU-BEST-r1,FP32-FINAL-CPU-BEST,1,ok,2,False,reference_log_prob,reference_log_prob,reference_parameters,cpu_to_gpu,0.26132234185934067,False,5.750783920288086,,end
FP32-FINAL-CPU-BEST-r1,FP32-FINAL-CPU-BEST,1,ok,2,False,reference_log_prob,reference_log_prob,reference_parameters,gpu_to_cpu,0.6188011914491653,False,5.750783920288086,,end
FP32-FINAL-CPU-BEST-r1,FP32-FINAL-CPU-BEST,1,ok,2,False,actor_update,actor_update,actor_parameters,cpu_to_gpu,0.26089925318956375,False,5.750783920288086,,end
FP32-FINAL-CPU-BEST-r1,FP32-FINAL-CPU-BEST,1,ok,2,False,actor_update,actor_update,actor_parameters,gpu_to_cpu,0.6883411444723606,False,5.750783920288086,,end
FP32-FINAL-CPU-BEST-r1,FP32-FINAL-CPU-BEST,1,ok,3,True,rollout,rollout,actor_parameters,cpu_to_gpu,0.3075972832739353,False,5.750783920288086,,end
FP32-FINAL-CPU-BEST-r1,FP32-FINAL-CPU-BEST,1,ok,3,True,actor_log_prob,actor_log_prob,actor_parameters,gpu_to_cpu,0.63509226962924,False,5.750783920288086,,end
FP32-FINAL-CPU-BEST-r1,FP32-FINAL-CPU-BEST,1,ok,3,True,reference_log_prob,reference_log_prob,reference_parameters,cpu_to_gpu,0.26738864555954933,False,5.750783920288086,,end
FP32-FINAL-CPU-BEST-r1,FP32-FINAL-CPU-BEST,1,ok,3,True,reference_log_prob,reference_log_prob,reference_parameters,gpu_to_cpu,0.6348757408559322,False,5.750783920288086,,end
FP32-FINAL-CPU-BEST-r1,FP32-FINAL-CPU-BEST,1,ok,3,True,actor_update,actor_update,actor_parameters,cpu_to_gpu,0.26098309457302094,False,5.750783920288086,,end
FP32-FINAL-CPU-BEST-r1,FP32-FINAL-CPU-BEST,1,ok,3,True,actor_update,actor_update,actor_parameters,gpu_to_cpu,0.8686788715422153,False,5.750783920288086,,end
FP32-FINAL-CPU-BEST-r1,FP32-FINAL-CPU-BEST,1,ok,4,True,rollout,rollout,actor_parameters,cpu_to_gpu,0.30109136179089546,False,5.750783920288086,,end
FP32-FINAL-CPU-BEST-r1,FP32-FINAL-CPU-BEST,1,ok,4,True,actor_log_prob,actor_log_prob,actor_parameters,gpu_to_cpu,0.6289959251880646,False,5.750783920288086,,end
FP32-FINAL-CPU-BEST-r1,FP32-FINAL-CPU-BEST,1,ok,4,True,reference_log_prob,reference_log_prob,reference_parameters,cpu_to_gpu,0.2651243433356285,False,5.750783920288086,,end
FP32-FINAL-CPU-BEST-r1,FP32-FINAL-CPU-BEST,1,ok,4,True,reference_log_prob,reference_log_prob,reference_parameters,gpu_to_cpu,0.6297999657690525,False,5.750783920288086,,end
FP32-FINAL-CPU-BEST-r1,FP32-FINAL-CPU-BEST,1,ok,4,True,actor_update,actor_update,actor_parameters,cpu_to_gpu,0.26056744530797005,False,5.750783920288086,,end
FP32-FINAL-CPU-BEST-r1,FP32-FINAL-CPU-BEST,1,ok,4,True,actor_update,actor_update,actor_parameters,gpu_to_cpu,0.6928495988249779,False,5.750783920288086,,end
FP32-FINAL-CPU-BEST-r1,FP32-FINAL-CPU-BEST,1,ok,5,True,rollout,rollout,actor_parameters,cpu_to_gpu,0.3106824494898319,False,5.750783920288086,,end
FP32-FINAL-CPU-BEST-r1,FP32-FINAL-CPU-BEST,1,ok,5,True,actor_log_prob,actor_log_prob,actor_parameters,gpu_to_cpu,0.6384588778018951,False,5.750783920288086,,end
FP32-FINAL-CPU-BEST-r1,FP32-FINAL-CPU-BEST,1,ok,5,True,reference_log_prob,reference_log_prob,reference_parameters,cpu_to_gpu,0.2732165493071079,False,5.750783920288086,,end
FP32-FINAL-CPU-BEST-r1,FP32-FINAL-CPU-BEST,1,ok,5,True,reference_log_prob,reference_log_prob,reference_parameters,gpu_to_cpu,0.6295246630907059,False,5.750783920288086,,end
FP32-FINAL-CPU-BEST-r1,FP32-FINAL-CPU-BEST,1,ok,5,True,actor_update,actor_update,actor_parameters,cpu_to_gpu,0.2611275836825371,False,5.750783920288086,,end
FP32-FINAL-CPU-BEST-r1,FP32-FINAL-CPU-BEST,1,ok,5,True,actor_update,actor_update,actor_parameters,gpu_to_cpu,0.6894827149808407,False,5.750783920288086,,end
FP32-FINAL-CPU-BEST-r1,FP32-FINAL-CPU-BEST,1,ok,6,True,rollout,rollout,actor_parameters,cpu_to_gpu,0.3134590871632099,False,5.750783920288086,,end
FP32-FINAL-CPU-BEST-r1,FP32-FINAL-CPU-BEST,1,ok,6,True,actor_log_prob,actor_log_prob,actor_parameters,gpu_to_cpu,0.646596048027277,False,5.750783920288086,,end
FP32-FINAL-CPU-BEST-r1,FP32-FINAL-CPU-BEST,1,ok,6,True,reference_log_prob,reference_log_prob,reference_parameters,cpu_to_gpu,0.2652354873716831,False,5.750783920288086,,end
FP32-FINAL-CPU-BEST-r1,FP32-FINAL-CPU-BEST,1,ok,6,True,reference_log_prob,reference_log_prob,reference_parameters,gpu_to_cpu,0.6285334639251232,False,5.750783920288086,,end
FP32-FINAL-CPU-BEST-r1,FP32-FINAL-CPU-BEST,1,ok,6,True,actor_update,actor_update,actor_parameters,cpu_to_gpu,0.2642012722790241,False,5.750783920288086,,end
FP32-FINAL-CPU-BEST-r1,FP32-FINAL-CPU-BEST,1,ok,6,True,actor_update,actor_update,actor_parameters,gpu_to_cpu,0.697486337274313,False,5.750783920288086,,end
FP32-FINAL-CPU-BEST-r1,FP32-FINAL-CPU-BEST,1,ok,7,True,rollout,rollout,actor_parameters,cpu_to_gpu,0.3085916042327881,False,5.750783920288086,,end
FP32-FINAL-CPU-BEST-r1,FP32-FINAL-CPU-BEST,1,ok,7,True,actor_log_prob,actor_log_prob,actor_parameters,gpu_to_cpu,0.6319313757121563,False,5.750783920288086,,end
FP32-FINAL-CPU-BEST-r1,FP32-FINAL-CPU-BEST,1,ok,7,True,reference_log_prob,reference_log_prob,reference_parameters,cpu_to_gpu,0.2610560692846775,False,5.750783920288086,,end
FP32-FINAL-CPU-BEST-r1,FP32-FINAL-CPU-BEST,1,ok,7,True,reference_log_prob,reference_log_prob,reference_parameters,gpu_to_cpu,0.6350612044334412,False,5.750783920288086,,end
FP32-FINAL-CPU-BEST-r1,FP32-FINAL-CPU-BEST,1,ok,7,True,actor_update,actor_update,actor_parameters,cpu_to_gpu,0.266139667481184,False,5.750783920288086,,end
FP32-FINAL-CPU-BEST-r1,FP32-FINAL-CPU-BEST,1,ok,7,True,actor_update,actor_update,actor_parameters,gpu_to_cpu,0.6953258961439133,False,5.750783920288086,,end
FP32-FINAL-CPU-BEST-r1,FP32-FINAL-CPU-BEST,1,ok,8,True,rollout,rollout,actor_parameters,cpu_to_gpu,0.3127241022884846,False,5.750783920288086,,end
FP32-FINAL-CPU-BEST-r1,FP32-FINAL-CPU-BEST,1,ok,8,True,actor_log_prob,actor_log_prob,actor_parameters,gpu_to_cpu,0.6307632848620415,False,5.750783920288086,,end
FP32-FINAL-CPU-BEST-r1,FP32-FINAL-CPU-BEST,1,ok,8,True,reference_log_prob,reference_log_prob,reference_parameters,cpu_to_gpu,0.272650521248579,False,5.750783920288086,,end
FP32-FINAL-CPU-BEST-r1,FP32-FINAL-CPU-BEST,1,ok,8,True,reference_log_prob,reference_log_prob,reference_parameters,gpu_to_cpu,0.633157417178154,False,5.750783920288086,,end
FP32-FINAL-CPU-BEST-r1,FP32-FINAL-CPU-BEST,1,ok,8,True,actor_update,actor_update,actor_parameters,cpu_to_gpu,0.25571247190237045,False,5.750783920288086,,end
FP32-FINAL-CPU-BEST-r1,FP32-FINAL-CPU-BEST,1,ok,8,True,actor_update,actor_update,actor_parameters,gpu_to_cpu,0.6988951601088047,False,5.750783920288086,,end
FP32-FINAL-CPU-BEST-r1,FP32-FINAL-CPU-BEST,1,ok,9,True,rollout,rollout,actor_parameters,cpu_to_gpu,0.29800694808363914,False,5.750783920288086,,end
FP32-FINAL-CPU-BEST-r1,FP32-FINAL-CPU-BEST,1,ok,9,True,actor_log_prob,actor_log_prob,actor_parameters,gpu_to_cpu,0.6235197186470032,False,5.750783920288086,,end
FP32-FINAL-CPU-BEST-r1,FP32-FINAL-CPU-BEST,1,ok,9,True,reference_log_prob,reference_log_prob,reference_parameters,cpu_to_gpu,0.27767642214894295,False,5.750783920288086,,end
FP32-FINAL-CPU-BEST-r1,FP32-FINAL-CPU-BEST,1,ok,9,True,reference_log_prob,reference_log_prob,reference_parameters,gpu_to_cpu,0.6319028325378895,False,5.750783920288086,,end
FP32-FINAL-CPU-BEST-r1,FP32-FINAL-CPU-BEST,1,ok,9,True,actor_update,actor_update,actor_parameters,cpu_to_gpu,0.2606080062687397,False,5.750783920288086,,end
FP32-FINAL-CPU-BEST-r1,FP32-FINAL-CPU-BEST,1,ok,9,True,actor_update,actor_update,actor_parameters,gpu_to_cpu,0.8642589375376701,False,5.750783920288086,,end
FP32-FINAL-CPU-BEST-r1,FP32-FINAL-CPU-BEST,1,ok,10,True,rollout,rollout,actor_parameters,cpu_to_gpu,0.29783666878938675,False,5.750783920288086,,end
FP32-FINAL-CPU-BEST-r1,FP32-FINAL-CPU-BEST,1,ok,10,True,actor_log_prob,actor_log_prob,actor_parameters,gpu_to_cpu,0.6258970908820629,False,5.750783920288086,,end
FP32-FINAL-CPU-BEST-r1,FP32-FINAL-CPU-BEST,1,ok,10,True,reference_log_prob,reference_log_prob,reference_parameters,cpu_to_gpu,0.26637960225343704,False,5.750783920288086,,end
FP32-FINAL-CPU-BEST-r1,FP32-FINAL-CPU-BEST,1,ok,10,True,reference_log_prob,reference_log_prob,reference_parameters,gpu_to_cpu,0.6301032975316048,False,5.750783920288086,,end
FP32-FINAL-CPU-BEST-r1,FP32-FINAL-CPU-BEST,1,ok,10,True,actor_update,actor_update,actor_parameters,cpu_to_gpu,0.25781959295272827,False,5.750783920288086,,end
FP32-FINAL-CPU-BEST-r1,FP32-FINAL-CPU-BEST,1,ok,10,True,actor_update,actor_update,actor_parameters,gpu_to_cpu,0.6999861523509026,False,5.750783920288086,,end
FP32-FINAL-CPU-BEST-r1,FP32-FINAL-CPU-BEST,1,ok,11,True,rollout,rollout,actor_parameters,cpu_to_gpu,0.3085479848086834,False,5.750783920288086,,end
FP32-FINAL-CPU-BEST-r1,FP32-FINAL-CPU-BEST,1,ok,11,True,actor_log_prob,actor_log_prob,actor_parameters,gpu_to_cpu,0.7907901927828789,False,5.750783920288086,,end
FP32-FINAL-CPU-BEST-r1,FP32-FINAL-CPU-BEST,1,ok,11,True,reference_log_prob,reference_log_prob,reference_parameters,cpu_to_gpu,0.2727779448032379,False,5.750783920288086,,end
FP32-FINAL-CPU-BEST-r1,FP32-FINAL-CPU-BEST,1,ok,11,True,reference_log_prob,reference_log_prob,reference_parameters,gpu_to_cpu,0.6310269832611084,False,5.750783920288086,,end
FP32-FINAL-CPU-BEST-r1,FP32-FINAL-CPU-BEST,1,ok,11,True,actor_update,actor_update,actor_parameters,cpu_to_gpu,0.2682228162884712,False,5.750783920288086,,end
FP32-FINAL-CPU-BEST-r1,FP32-FINAL-CPU-BEST,1,ok,11,True,actor_update,actor_update,actor_parameters,gpu_to_cpu,0.6987414360046387,False,5.750783920288086,,end
FP32-FINAL-CPU-BEST-r1,FP32-FINAL-CPU-BEST,1,ok,12,True,rollout,rollout,actor_parameters,cpu_to_gpu,0.2968541048467159,False,5.750783920288086,,end
FP32-FINAL-CPU-BEST-r1,FP32-FINAL-CPU-BEST,1,ok,12,True,actor_log_prob,actor_log_prob,actor_parameters,gpu_to_cpu,0.6368880346417427,False,5.750783920288086,,end
FP32-FINAL-CPU-BEST-r1,FP32-FINAL-CPU-BEST,1,ok,12,True,reference_log_prob,reference_log_prob,reference_parameters,cpu_to_gpu,0.2630280591547489,False,5.750783920288086,,end
FP32-FINAL-CPU-BEST-r1,FP32-FINAL-CPU-BEST,1,ok,12,True,reference_log_prob,reference_log_prob,reference_parameters,gpu_to_cpu,0.6221470423042774,False,5.750783920288086,,end
FP32-FINAL-CPU-BEST-r1,FP32-FINAL-CPU-BEST,1,ok,12,True,actor_update,actor_update,actor_parameters,cpu_to_gpu,0.2651583403348923,False,5.750783920288086,,end
FP32-FINAL-CPU-BEST-r1,FP32-FINAL-CPU-BEST,1,ok,12,True,actor_update,actor_update,actor_parameters,gpu_to_cpu,0.6922185383737087,False,5.750783920288086,,end
FP32-FINAL-CPU-BEST-r1,FP32-FINAL-CPU-BEST,1,ok,13,True,rollout,rollout,actor_parameters,cpu_to_gpu,0.29767680540680885,False,5.750783920288086,,end
FP32-FINAL-CPU-BEST-r1,FP32-FINAL-CPU-BEST,1,ok,13,True,actor_log_prob,actor_log_prob,actor_parameters,gpu_to_cpu,0.6342948861420155,False,5.750783920288086,,end
FP32-FINAL-CPU-BEST-r1,FP32-FINAL-CPU-BEST,1,ok,13,True,reference_log_prob,reference_log_prob,reference_parameters,cpu_to_gpu,0.26453689858317375,False,5.750783920288086,,end
FP32-FINAL-CPU-BEST-r1,FP32-FINAL-CPU-BEST,1,ok,13,True,reference_log_prob,reference_log_prob,reference_parameters,gpu_to_cpu,0.7958979271352291,False,5.750783920288086,,end
FP32-FINAL-CPU-BEST-r1,FP32-FINAL-CPU-BEST,1,ok,13,True,actor_update,actor_update,actor_parameters,cpu_to_gpu,0.26344890519976616,False,5.750783920288086,,end
FP32-FINAL-CPU-BEST-r1,FP32-FINAL-CPU-BEST,1,ok,13,True,actor_update,actor_update,actor_parameters,gpu_to_cpu,0.6954569928348064,False,5.750783920288086,,end
FP32-FINAL-CPU-BEST-r1,FP32-FINAL-CPU-BEST,1,ok,14,True,rollout,rollout,actor_parameters,cpu_to_gpu,0.31480158120393753,False,5.750783920288086,,end
FP32-FINAL-CPU-BEST-r1,FP32-FINAL-CPU-BEST,1,ok,14,True,actor_log_prob,actor_log_prob,actor_parameters,gpu_to_cpu,0.6235422939062119,False,5.750783920288086,,end
FP32-FINAL-CPU-BEST-r1,FP32-FINAL-CPU-BEST,1,ok,14,True,reference_log_prob,reference_log_prob,reference_parameters,cpu_to_gpu,0.27700677514076233,False,5.750783920288086,,end
FP32-FINAL-CPU-BEST-r1,FP32-FINAL-CPU-BEST,1,ok,14,True,reference_log_prob,reference_log_prob,reference_parameters,gpu_to_cpu,0.6303768828511238,False,5.750783920288086,,end
FP32-FINAL-CPU-BEST-r1,FP32-FINAL-CPU-BEST,1,ok,14,True,actor_update,actor_update,actor_parameters,cpu_to_gpu,0.2556513249874115,False,5.750783920288086,,end
FP32-FINAL-CPU-BEST-r1,FP32-FINAL-CPU-BEST,1,ok,14,True,actor_update,actor_update,actor_parameters,gpu_to_cpu,0.6896434910595417,False,5.750783920288086,,end
FP32-FINAL-CPU-BEST-r1,FP32-FINAL-CPU-BEST,1,ok,15,True,rollout,rollout,actor_parameters,cpu_to_gpu,0.301236305385828,False,5.750783920288086,,end
FP32-FINAL-CPU-BEST-r1,FP32-FINAL-CPU-BEST,1,ok,15,True,actor_log_prob,actor_log_prob,actor_parameters,gpu_to_cpu,0.6284676752984524,False,5.750783920288086,,end
FP32-FINAL-CPU-BEST-r1,FP32-FINAL-CPU-BEST,1,ok,15,True,reference_log_prob,reference_log_prob,reference_parameters,cpu_to_gpu,0.27633119001984596,False,5.750783920288086,,end
FP32-FINAL-CPU-BEST-r1,FP32-FINAL-CPU-BEST,1,ok,15,True,reference_log_prob,reference_log_prob,reference_parameters,gpu_to_cpu,0.6327585317194462,False,5.750783920288086,,end
FP32-FINAL-CPU-BEST-r1,FP32-FINAL-CPU-BEST,1,ok,15,True,actor_update,actor_update,actor_parameters,cpu_to_gpu,0.2610197216272354,False,5.750783920288086,,end
FP32-FINAL-CPU-BEST-r1,FP32-FINAL-CPU-BEST,1,ok,15,True,actor_update,actor_update,actor_parameters,gpu_to_cpu,0.688478633761406,False,5.750783920288086,,end
FP32-FINAL-CPU-BEST-r1,FP32-FINAL-CPU-BEST,1,ok,16,True,rollout,rollout,actor_parameters,cpu_to_gpu,0.36566633358597755,False,5.750783920288086,,end
FP32-FINAL-CPU-BEST-r1,FP32-FINAL-CPU-BEST,1,ok,16,True,actor_log_prob,actor_log_prob,actor_parameters,gpu_to_cpu,0.6410081312060356,False,5.750783920288086,,end
FP32-FINAL-CPU-BEST-r1,FP32-FINAL-CPU-BEST,1,ok,16,True,reference_log_prob,reference_log_prob,reference_parameters,cpu_to_gpu,0.2760194502770901,False,5.750783920288086,,end
FP32-FINAL-CPU-BEST-r1,FP32-FINAL-CPU-BEST,1,ok,16,True,reference_log_prob,reference_log_prob,reference_parameters,gpu_to_cpu,0.6211908310651779,False,5.750783920288086,,end
FP32-FINAL-CPU-BEST-r1,FP32-FINAL-CPU-BEST,1,ok,16,True,actor_update,actor_update,actor_parameters,cpu_to_gpu,0.25993648543953896,False,5.750783920288086,,end
FP32-FINAL-CPU-BEST-r1,FP32-FINAL-CPU-BEST,1,ok,16,True,actor_update,actor_update,actor_parameters,gpu_to_cpu,0.6922567263245583,False,5.750783920288086,,end
FP32-FINAL-CPU-BEST-r1,FP32-FINAL-CPU-BEST,1,ok,17,True,rollout,rollout,actor_parameters,cpu_to_gpu,0.30292748287320137,False,5.750783920288086,,end
FP32-FINAL-CPU-BEST-r1,FP32-FINAL-CPU-BEST,1,ok,17,True,actor_log_prob,actor_log_prob,actor_parameters,gpu_to_cpu,0.6317413374781609,False,5.750783920288086,,end
FP32-FINAL-CPU-BEST-r1,FP32-FINAL-CPU-BEST,1,ok,17,True,reference_log_prob,reference_log_prob,reference_parameters,cpu_to_gpu,0.44088955968618393,False,5.750783920288086,,end
FP32-FINAL-CPU-BEST-r1,FP32-FINAL-CPU-BEST,1,ok,17,True,reference_log_prob,reference_log_prob,reference_parameters,gpu_to_cpu,0.6350210532546043,False,5.750783920288086,,end
FP32-FINAL-CPU-BEST-r1,FP32-FINAL-CPU-BEST,1,ok,17,True,actor_update,actor_update,actor_parameters,cpu_to_gpu,0.2608841806650162,False,5.750783920288086,,end
FP32-FINAL-CPU-BEST-r1,FP32-FINAL-CPU-BEST,1,ok,17,True,actor_update,actor_update,actor_parameters,gpu_to_cpu,0.6919676847755909,False,5.750783920288086,,end
FP32-FINAL-CPU-BEST-r1,FP32-FINAL-CPU-BEST,1,ok,18,True,rollout,rollout,actor_parameters,cpu_to_gpu,0.29686927795410156,False,5.750783920288086,,end
FP32-FINAL-CPU-BEST-r1,FP32-FINAL-CPU-BEST,1,ok,18,True,actor_log_prob,actor_log_prob,actor_parameters,gpu_to_cpu,0.6308056004345417,False,5.750783920288086,,end
FP32-FINAL-CPU-BEST-r1,FP32-FINAL-CPU-BEST,1,ok,18,True,reference_log_prob,reference_log_prob,reference_parameters,cpu_to_gpu,0.26051994040608406,False,5.750783920288086,,end
FP32-FINAL-CPU-BEST-r1,FP32-FINAL-CPU-BEST,1,ok,18,True,reference_log_prob,reference_log_prob,reference_parameters,gpu_to_cpu,0.6238375604152679,False,5.750783920288086,,end
FP32-FINAL-CPU-BEST-r1,FP32-FINAL-CPU-BEST,1,ok,18,True,actor_update,actor_update,actor_parameters,cpu_to_gpu,0.2608852684497833,False,5.750783920288086,,end
FP32-FINAL-CPU-BEST-r1,FP32-FINAL-CPU-BEST,1,ok,18,True,actor_update,actor_update,actor_parameters,gpu_to_cpu,0.6875824145972729,False,5.750783920288086,,end
FP32-FINAL-CPU-BEST-r1,FP32-FINAL-CPU-BEST,1,ok,19,True,rollout,rollout,actor_parameters,cpu_to_gpu,0.3147772215306759,False,5.750783920288086,,end
FP32-FINAL-CPU-BEST-r1,FP32-FINAL-CPU-BEST,1,ok,19,True,actor_log_prob,actor_log_prob,actor_parameters,gpu_to_cpu,0.6339430883526802,False,5.750783920288086,,end
FP32-FINAL-CPU-BEST-r1,FP32-FINAL-CPU-BEST,1,ok,19,True,reference_log_prob,reference_log_prob,reference_parameters,cpu_to_gpu,0.26227838173508644,False,5.750783920288086,,end
FP32-FINAL-CPU-BEST-r1,FP32-FINAL-CPU-BEST,1,ok,19,True,reference_log_prob,reference_log_prob,reference_parameters,gpu_to_cpu,0.6294553428888321,False,5.750783920288086,,end
FP32-FINAL-CPU-BEST-r1,FP32-FINAL-CPU-BEST,1,ok,19,True,actor_update,actor_update,actor_parameters,cpu_to_gpu,0.43878985941410065,False,5.750783920288086,,end
FP32-FINAL-CPU-BEST-r1,FP32-FINAL-CPU-BEST,1,ok,19,True,actor_update,actor_update,actor_parameters,gpu_to_cpu,0.6909153275191784,False,5.750783920288086,,end
FP32-FINAL-CPU-BEST-r1,FP32-FINAL-CPU-BEST,1,ok,20,True,rollout,rollout,actor_parameters,cpu_to_gpu,0.310425590723753,False,5.750783920288086,,end
FP32-FINAL-CPU-BEST-r1,FP32-FINAL-CPU-BEST,1,ok,20,True,actor_log_prob,actor_log_prob,actor_parameters,gpu_to_cpu,0.6236139610409737,False,5.750783920288086,,end
FP32-FINAL-CPU-BEST-r1,FP32-FINAL-CPU-BEST,1,ok,20,True,reference_log_prob,reference_log_prob,reference_parameters,cpu_to_gpu,0.27332017570734024,False,5.750783920288086,,end
FP32-FINAL-CPU-BEST-r1,FP32-FINAL-CPU-BEST,1,ok,20,True,reference_log_prob,reference_log_prob,reference_parameters,gpu_to_cpu,0.6297887414693832,False,5.750783920288086,,end
FP32-FINAL-CPU-BEST-r1,FP32-FINAL-CPU-BEST,1,ok,20,True,actor_update,actor_update,actor_parameters,cpu_to_gpu,0.26356396824121475,False,5.750783920288086,,end
FP32-FINAL-CPU-BEST-r1,FP32-FINAL-CPU-BEST,1,ok,20,True,actor_update,actor_update,actor_parameters,gpu_to_cpu,0.6907821595668793,False,5.750783920288086,,end
FP32-FINAL-CPU-BEST-r1,FP32-FINAL-CPU-BEST,1,ok,21,True,rollout,rollout,actor_parameters,cpu_to_gpu,0.31578613817691803,False,5.750783920288086,,end
FP32-FINAL-CPU-BEST-r1,FP32-FINAL-CPU-BEST,1,ok,21,True,actor_log_prob,actor_log_prob,actor_parameters,gpu_to_cpu,0.6394815891981125,False,5.750783920288086,,end
FP32-FINAL-CPU-BEST-r1,FP32-FINAL-CPU-BEST,1,ok,21,True,reference_log_prob,reference_log_prob,reference_parameters,cpu_to_gpu,0.27304625511169434,False,5.750783920288086,,end
FP32-FINAL-CPU-BEST-r1,FP32-FINAL-CPU-BEST,1,ok,21,True,reference_log_prob,reference_log_prob,reference_parameters,gpu_to_cpu,0.6290046982467175,False,5.750783920288086,,end
FP32-FINAL-CPU-BEST-r1,FP32-FINAL-CPU-BEST,1,ok,21,True,actor_update,actor_update,actor_parameters,cpu_to_gpu,0.2653304450213909,False,5.750783920288086,,end
FP32-FINAL-CPU-BEST-r1,FP32-FINAL-CPU-BEST,1,ok,21,True,actor_update,actor_update,actor_parameters,gpu_to_cpu,0.6902003586292267,False,5.750783920288086,,end
FP32-FINAL-CPU-BEST-r1,FP32-FINAL-CPU-BEST,1,ok,22,True,rollout,rollout,actor_parameters,cpu_to_gpu,0.41704536229372025,False,5.750783920288086,,end
FP32-FINAL-CPU-BEST-r1,FP32-FINAL-CPU-BEST,1,ok,22,True,actor_log_prob,actor_log_prob,actor_parameters,gpu_to_cpu,0.6241841726005077,False,5.750783920288086,,end
FP32-FINAL-CPU-BEST-r1,FP32-FINAL-CPU-BEST,1,ok,22,True,reference_log_prob,reference_log_prob,reference_parameters,cpu_to_gpu,0.2716454789042473,False,5.750783920288086,,end
FP32-FINAL-CPU-BEST-r1,FP32-FINAL-CPU-BEST,1,ok,22,True,reference_log_prob,reference_log_prob,reference_parameters,gpu_to_cpu,0.6325747333467007,False,5.750783920288086,,end
FP32-FINAL-CPU-BEST-r1,FP32-FINAL-CPU-BEST,1,ok,22,True,actor_update,actor_update,actor_parameters,cpu_to_gpu,0.2612239830195904,False,5.750783920288086,,end
FP32-FINAL-CPU-BEST-r1,FP32-FINAL-CPU-BEST,1,ok,22,True,actor_update,actor_update,actor_parameters,gpu_to_cpu,0.6860897541046143,False,5.750783920288086,,end
FP32-FINAL-CPU-BEST-r1,FP32-FINAL-CPU-BEST,1,ok,23,True,rollout,rollout,actor_parameters,cpu_to_gpu,0.2967509999871254,False,5.750783920288086,,end
FP32-FINAL-CPU-BEST-r1,FP32-FINAL-CPU-BEST,1,ok,23,True,actor_log_prob,actor_log_prob,actor_parameters,gpu_to_cpu,0.6301254108548164,False,5.750783920288086,,end
FP32-FINAL-CPU-BEST-r1,FP32-FINAL-CPU-BEST,1,ok,23,True,reference_log_prob,reference_log_prob,reference_parameters,cpu_to_gpu,0.4497494138777256,False,5.750783920288086,,end
FP32-FINAL-CPU-BEST-r1,FP32-FINAL-CPU-BEST,1,ok,23,True,reference_log_prob,reference_log_prob,reference_parameters,gpu_to_cpu,0.6309967748820782,False,5.750783920288086,,end
FP32-FINAL-CPU-BEST-r1,FP32-FINAL-CPU-BEST,1,ok,23,True,actor_update,actor_update,actor_parameters,cpu_to_gpu,0.2631135694682598,False,5.750783920288086,,end
FP32-FINAL-CPU-BEST-r1,FP32-FINAL-CPU-BEST,1,ok,23,True,actor_update,actor_update,actor_parameters,gpu_to_cpu,0.6926217786967754,False,5.750783920288086,,end
FP32-FINAL-CPU-BEST-r1,FP32-FINAL-CPU-BEST,1,ok,24,True,rollout,rollout,actor_parameters,cpu_to_gpu,0.3078876659274101,False,5.750783920288086,,end
FP32-FINAL-CPU-BEST-r1,FP32-FINAL-CPU-BEST,1,ok,24,True,actor_log_prob,actor_log_prob,actor_parameters,gpu_to_cpu,0.6346729062497616,False,5.750783920288086,,end
FP32-FINAL-CPU-BEST-r1,FP32-FINAL-CPU-BEST,1,ok,24,True,reference_log_prob,reference_log_prob,reference_parameters,cpu_to_gpu,0.26650169119238853,False,5.750783920288086,,end
FP32-FINAL-CPU-BEST-r1,FP32-FINAL-CPU-BEST,1,ok,24,True,reference_log_prob,reference_log_prob,reference_parameters,gpu_to_cpu,0.6335615739226341,False,5.750783920288086,,end
FP32-FINAL-CPU-BEST-r1,FP32-FINAL-CPU-BEST,1,ok,24,True,actor_update,actor_update,actor_parameters,cpu_to_gpu,0.2591443546116352,False,5.750783920288086,,end
FP32-FINAL-CPU-BEST-r1,FP32-FINAL-CPU-BEST,1,ok,24,True,actor_update,actor_update,actor_parameters,gpu_to_cpu,0.6931049861013889,False,5.750783920288086,,end
FP32-FINAL-CPU-BEST-r1,FP32-FINAL-CPU-BEST,1,ok,25,True,rollout,rollout,actor_parameters,cpu_to_gpu,0.3036131262779236,False,5.750783920288086,,end
FP32-FINAL-CPU-BEST-r1,FP32-FINAL-CPU-BEST,1,ok,25,True,actor_log_prob,actor_log_prob,actor_parameters,gpu_to_cpu,0.6267383210361004,False,5.750783920288086,,end
FP32-FINAL-CPU-BEST-r1,FP32-FINAL-CPU-BEST,1,ok,25,True,reference_log_prob,reference_log_prob,reference_parameters,cpu_to_gpu,0.27226951718330383,False,5.750783920288086,,end
FP32-FINAL-CPU-BEST-r1,FP32-FINAL-CPU-BEST,1,ok,25,True,reference_log_prob,reference_log_prob,reference_parameters,gpu_to_cpu,0.6357396729290485,False,5.750783920288086,,end
FP32-FINAL-CPU-BEST-r1,FP32-FINAL-CPU-BEST,1,ok,25,True,actor_update,actor_update,actor_parameters,cpu_to_gpu,0.2577354945242405,False,5.750783920288086,,end
FP32-FINAL-CPU-BEST-r1,FP32-FINAL-CPU-BEST,1,ok,25,True,actor_update,actor_update,actor_parameters,gpu_to_cpu,0.6983591169118881,False,5.750783920288086,,end
FP32-FINAL-CPU-BEST-r1,FP32-FINAL-CPU-BEST,1,ok,26,True,rollout,rollout,actor_parameters,cpu_to_gpu,0.2896917164325714,False,5.750783920288086,,end
FP32-FINAL-CPU-BEST-r1,FP32-FINAL-CPU-BEST,1,ok,26,True,actor_log_prob,actor_log_prob,actor_parameters,gpu_to_cpu,0.6359006240963936,False,5.750783920288086,,end
FP32-FINAL-CPU-BEST-r1,FP32-FINAL-CPU-BEST,1,ok,26,True,reference_log_prob,reference_log_prob,reference_parameters,cpu_to_gpu,0.26086650788784027,False,5.750783920288086,,end
FP32-FINAL-CPU-BEST-r1,FP32-FINAL-CPU-BEST,1,ok,26,True,reference_log_prob,reference_log_prob,reference_parameters,gpu_to_cpu,0.6206666193902493,False,5.750783920288086,,end
FP32-FINAL-CPU-BEST-r1,FP32-FINAL-CPU-BEST,1,ok,26,True,actor_update,actor_update,actor_parameters,cpu_to_gpu,0.2693307064473629,False,5.750783920288086,,end
FP32-FINAL-CPU-BEST-r1,FP32-FINAL-CPU-BEST,1,ok,26,True,actor_update,actor_update,actor_parameters,gpu_to_cpu,0.6922939196228981,False,5.750783920288086,,end
FP32-FINAL-CPU-BEST-r1,FP32-FINAL-CPU-BEST,1,ok,27,True,rollout,rollout,actor_parameters,cpu_to_gpu,0.31146737560629845,False,5.750783920288086,,end
FP32-FINAL-CPU-BEST-r1,FP32-FINAL-CPU-BEST,1,ok,27,True,actor_log_prob,actor_log_prob,actor_parameters,gpu_to_cpu,0.6351985223591328,False,5.750783920288086,,end
FP32-FINAL-CPU-BEST-r1,FP32-FINAL-CPU-BEST,1,ok,27,True,reference_log_prob,reference_log_prob,reference_parameters,cpu_to_gpu,0.26545365154743195,False,5.750783920288086,,end
FP32-FINAL-CPU-BEST-r1,FP32-FINAL-CPU-BEST,1,ok,27,True,reference_log_prob,reference_log_prob,reference_parameters,gpu_to_cpu,0.6277685686945915,False,5.750783920288086,,end
FP32-FINAL-CPU-BEST-r1,FP32-FINAL-CPU-BEST,1,ok,27,True,actor_update,actor_update,actor_parameters,cpu_to_gpu,0.26037216931581497,False,5.750783920288086,,end
FP32-FINAL-CPU-BEST-r1,FP32-FINAL-CPU-BEST,1,ok,27,True,actor_update,actor_update,actor_parameters,gpu_to_cpu,0.6901687495410442,False,5.750783920288086,,end
FP32-FINAL-CPU-BEST-r1,FP32-FINAL-CPU-BEST,1,ok,28,True,rollout,rollout,actor_parameters,cpu_to_gpu,0.3021537587046623,False,5.750783920288086,,end
FP32-FINAL-CPU-BEST-r1,FP32-FINAL-CPU-BEST,1,ok,28,True,actor_log_prob,actor_log_prob,actor_parameters,gpu_to_cpu,0.6365470997989178,False,5.750783920288086,,end
FP32-FINAL-CPU-BEST-r1,FP32-FINAL-CPU-BEST,1,ok,28,True,reference_log_prob,reference_log_prob,reference_parameters,cpu_to_gpu,0.2670425474643707,False,5.750783920288086,,end
FP32-FINAL-CPU-BEST-r1,FP32-FINAL-CPU-BEST,1,ok,28,True,reference_log_prob,reference_log_prob,reference_parameters,gpu_to_cpu,0.6207682751119137,False,5.750783920288086,,end
FP32-FINAL-CPU-BEST-r1,FP32-FINAL-CPU-BEST,1,ok,28,True,actor_update,actor_update,actor_parameters,cpu_to_gpu,0.2712039425969124,False,5.750783920288086,,end
FP32-FINAL-CPU-BEST-r1,FP32-FINAL-CPU-BEST,1,ok,28,True,actor_update,actor_update,actor_parameters,gpu_to_cpu,0.6917874366044998,False,5.750783920288086,,end
FP32-FINAL-CPU-BEST-r1,FP32-FINAL-CPU-BEST,1,ok,29,True,rollout,rollout,actor_parameters,cpu_to_gpu,0.30913934484124184,False,5.750783920288086,,end
FP32-FINAL-CPU-BEST-r1,FP32-FINAL-CPU-BEST,1,ok,29,True,actor_log_prob,actor_log_prob,actor_parameters,gpu_to_cpu,0.6218549646437168,False,5.750783920288086,,end
FP32-FINAL-CPU-BEST-r1,FP32-FINAL-CPU-BEST,1,ok,29,True,reference_log_prob,reference_log_prob,reference_parameters,cpu_to_gpu,0.26205316185951233,False,5.750783920288086,,end
FP32-FINAL-CPU-BEST-r1,FP32-FINAL-CPU-BEST,1,ok,29,True,reference_log_prob,reference_log_prob,reference_parameters,gpu_to_cpu,0.6345360241830349,False,5.750783920288086,,end
FP32-FINAL-CPU-BEST-r1,FP32-FINAL-CPU-BEST,1,ok,29,True,actor_update,actor_update,actor_parameters,cpu_to_gpu,0.2577572166919708,False,5.750783920288086,,end
FP32-FINAL-CPU-BEST-r1,FP32-FINAL-CPU-BEST,1,ok,29,True,actor_update,actor_update,actor_parameters,gpu_to_cpu,0.6918566562235355,False,5.750783920288086,,end
FP32-FINAL-CPU-BEST-r1,FP32-FINAL-CPU-BEST,1,ok,30,True,rollout,rollout,actor_parameters,cpu_to_gpu,0.3158009499311447,False,5.750783920288086,,end
FP32-FINAL-CPU-BEST-r1,FP32-FINAL-CPU-BEST,1,ok,30,True,actor_log_prob,actor_log_prob,actor_parameters,gpu_to_cpu,0.6363772302865982,False,5.750783920288086,,end
FP32-FINAL-CPU-BEST-r1,FP32-FINAL-CPU-BEST,1,ok,30,True,reference_log_prob,reference_log_prob,reference_parameters,cpu_to_gpu,0.26904747262597084,False,5.750783920288086,,end
FP32-FINAL-CPU-BEST-r1,FP32-FINAL-CPU-BEST,1,ok,30,True,reference_log_prob,reference_log_prob,reference_parameters,gpu_to_cpu,0.7647478505969048,False,5.750783920288086,,end
FP32-FINAL-CPU-BEST-r1,FP32-FINAL-CPU-BEST,1,ok,30,True,actor_update,actor_update,actor_parameters,cpu_to_gpu,0.26215751469135284,False,5.750783920288086,,end
FP32-FINAL-CPU-BEST-r1,FP32-FINAL-CPU-BEST,1,ok,30,True,actor_update,actor_update,actor_parameters,gpu_to_cpu,0.6930298544466496,False,5.750783920288086,,end
FP32-FINAL-CPU-BEST-r1,FP32-FINAL-CPU-BEST,1,ok,31,True,rollout,rollout,actor_parameters,cpu_to_gpu,0.3105808384716511,False,5.750783920288086,,end
FP32-FINAL-CPU-BEST-r1,FP32-FINAL-CPU-BEST,1,ok,31,True,actor_log_prob,actor_log_prob,actor_parameters,gpu_to_cpu,0.6356266736984253,False,5.750783920288086,,end
FP32-FINAL-CPU-BEST-r1,FP32-FINAL-CPU-BEST,1,ok,31,True,reference_log_prob,reference_log_prob,reference_parameters,cpu_to_gpu,0.2724962793290615,False,5.750783920288086,,end
FP32-FINAL-CPU-BEST-r1,FP32-FINAL-CPU-BEST,1,ok,31,True,reference_log_prob,reference_log_prob,reference_parameters,gpu_to_cpu,0.6349478363990784,False,5.750783920288086,,end
FP32-FINAL-CPU-BEST-r1,FP32-FINAL-CPU-BEST,1,ok,31,True,actor_update,actor_update,actor_parameters,cpu_to_gpu,0.2630493491888046,False,5.750783920288086,,end
FP32-FINAL-CPU-BEST-r1,FP32-FINAL-CPU-BEST,1,ok,31,True,actor_update,actor_update,actor_parameters,gpu_to_cpu,0.7019553370773792,False,5.750783920288086,,end
FP32-FINAL-CPU-BEST-r1,FP32-FINAL-CPU-BEST,1,ok,32,True,rollout,rollout,actor_parameters,cpu_to_gpu,0.2926147021353245,False,5.750783920288086,,end
FP32-FINAL-CPU-BEST-r1,FP32-FINAL-CPU-BEST,1,ok,32,True,actor_log_prob,actor_log_prob,actor_parameters,gpu_to_cpu,0.6297366917133331,False,5.750783920288086,,end
FP32-FINAL-CPU-BEST-r1,FP32-FINAL-CPU-BEST,1,ok,32,True,reference_log_prob,reference_log_prob,reference_parameters,cpu_to_gpu,0.2603818289935589,False,5.750783920288086,,end
FP32-FINAL-CPU-BEST-r1,FP32-FINAL-CPU-BEST,1,ok,32,True,reference_log_prob,reference_log_prob,reference_parameters,gpu_to_cpu,0.6323385275900364,False,5.750783920288086,,end
FP32-FINAL-CPU-BEST-r1,FP32-FINAL-CPU-BEST,1,ok,32,True,actor_update,actor_update,actor_parameters,cpu_to_gpu,0.2640356682240963,False,5.750783920288086,,end
FP32-FINAL-CPU-BEST-r1,FP32-FINAL-CPU-BEST,1,ok,32,True,actor_update,actor_update,actor_parameters,gpu_to_cpu,0.8320411816239357,False,5.750783920288086,,end
FP32-FINAL-CPU-BEST-r2,FP32-FINAL-CPU-BEST,2,ok,1,False,rollout,rollout,actor_parameters,cpu_to_gpu,0.40548599138855934,False,5.750783920288086,,end
FP32-FINAL-CPU-BEST-r2,FP32-FINAL-CPU-BEST,2,ok,1,False,actor_log_prob,actor_log_prob,actor_parameters,gpu_to_cpu,0.6298749633133411,False,5.750783920288086,,end
FP32-FINAL-CPU-BEST-r2,FP32-FINAL-CPU-BEST,2,ok,1,False,reference_log_prob,reference_log_prob,reference_parameters,cpu_to_gpu,0.2690453380346298,False,5.750783920288086,,end
FP32-FINAL-CPU-BEST-r2,FP32-FINAL-CPU-BEST,2,ok,1,False,reference_log_prob,reference_log_prob,reference_parameters,gpu_to_cpu,0.6190305799245834,False,5.750783920288086,,end
FP32-FINAL-CPU-BEST-r2,FP32-FINAL-CPU-BEST,2,ok,1,False,actor_update,actor_update,actor_parameters,cpu_to_gpu,0.26199957728385925,False,5.750783920288086,,end
FP32-FINAL-CPU-BEST-r2,FP32-FINAL-CPU-BEST,2,ok,1,False,actor_update,actor_update,actor_parameters,gpu_to_cpu,0.6849542818963528,False,5.750783920288086,,end
FP32-FINAL-CPU-BEST-r2,FP32-FINAL-CPU-BEST,2,ok,2,False,rollout,rollout,actor_parameters,cpu_to_gpu,0.3000088706612587,False,5.750783920288086,,end
FP32-FINAL-CPU-BEST-r2,FP32-FINAL-CPU-BEST,2,ok,2,False,actor_log_prob,actor_log_prob,actor_parameters,gpu_to_cpu,0.6313894055783749,False,5.750783920288086,,end
FP32-FINAL-CPU-BEST-r2,FP32-FINAL-CPU-BEST,2,ok,2,False,reference_log_prob,reference_log_prob,reference_parameters,cpu_to_gpu,0.44027361646294594,False,5.750783920288086,,end
FP32-FINAL-CPU-BEST-r2,FP32-FINAL-CPU-BEST,2,ok,2,False,reference_log_prob,reference_log_prob,reference_parameters,gpu_to_cpu,0.6309361532330513,False,5.750783920288086,,end
FP32-FINAL-CPU-BEST-r2,FP32-FINAL-CPU-BEST,2,ok,2,False,actor_update,actor_update,actor_parameters,cpu_to_gpu,0.2628191448748112,False,5.750783920288086,,end
FP32-FINAL-CPU-BEST-r2,FP32-FINAL-CPU-BEST,2,ok,2,False,actor_update,actor_update,actor_parameters,gpu_to_cpu,0.6871727593243122,False,5.750783920288086,,end
FP32-FINAL-CPU-BEST-r2,FP32-FINAL-CPU-BEST,2,ok,3,True,rollout,rollout,actor_parameters,cpu_to_gpu,0.30802644044160843,False,5.750783920288086,,end
FP32-FINAL-CPU-BEST-r2,FP32-FINAL-CPU-BEST,2,ok,3,True,actor_log_prob,actor_log_prob,actor_parameters,gpu_to_cpu,0.630216620862484,False,5.750783920288086,,end
FP32-FINAL-CPU-BEST-r2,FP32-FINAL-CPU-BEST,2,ok,3,True,reference_log_prob,reference_log_prob,reference_parameters,cpu_to_gpu,0.44483526796102524,False,5.750783920288086,,end
FP32-FINAL-CPU-BEST-r2,FP32-FINAL-CPU-BEST,2,ok,3,True,reference_log_prob,reference_log_prob,reference_parameters,gpu_to_cpu,0.6301916986703873,False,5.750783920288086,,end
FP32-FINAL-CPU-BEST-r2,FP32-FINAL-CPU-BEST,2,ok,3,True,actor_update,actor_update,actor_parameters,cpu_to_gpu,0.2577443830668926,False,5.750783920288086,,end
FP32-FINAL-CPU-BEST-r2,FP32-FINAL-CPU-BEST,2,ok,3,True,actor_update,actor_update,actor_parameters,gpu_to_cpu,0.6921997219324112,False,5.750783920288086,,end
FP32-FINAL-CPU-BEST-r2,FP32-FINAL-CPU-BEST,2,ok,4,True,rollout,rollout,actor_parameters,cpu_to_gpu,0.31222881376743317,False,5.750783920288086,,end
FP32-FINAL-CPU-BEST-r2,FP32-FINAL-CPU-BEST,2,ok,4,True,actor_log_prob,actor_log_prob,actor_parameters,gpu_to_cpu,0.6321518532931805,False,5.750783920288086,,end
FP32-FINAL-CPU-BEST-r2,FP32-FINAL-CPU-BEST,2,ok,4,True,reference_log_prob,reference_log_prob,reference_parameters,cpu_to_gpu,0.273665651679039,False,5.750783920288086,,end
FP32-FINAL-CPU-BEST-r2,FP32-FINAL-CPU-BEST,2,ok,4,True,reference_log_prob,reference_log_prob,reference_parameters,gpu_to_cpu,0.6332886889576912,False,5.750783920288086,,end
FP32-FINAL-CPU-BEST-r2,FP32-FINAL-CPU-BEST,2,ok,4,True,actor_update,actor_update,actor_parameters,cpu_to_gpu,0.2646276019513607,False,5.750783920288086,,end
FP32-FINAL-CPU-BEST-r2,FP32-FINAL-CPU-BEST,2,ok,4,True,actor_update,actor_update,actor_parameters,gpu_to_cpu,0.6879263035953045,False,5.750783920288086,,end
FP32-FINAL-CPU-BEST-r2,FP32-FINAL-CPU-BEST,2,ok,5,True,rollout,rollout,actor_parameters,cpu_to_gpu,0.3057025745511055,False,5.750783920288086,,end
FP32-FINAL-CPU-BEST-r2,FP32-FINAL-CPU-BEST,2,ok,5,True,actor_log_prob,actor_log_prob,actor_parameters,gpu_to_cpu,0.6320909336209297,False,5.750783920288086,,end
FP32-FINAL-CPU-BEST-r2,FP32-FINAL-CPU-BEST,2,ok,5,True,reference_log_prob,reference_log_prob,reference_parameters,cpu_to_gpu,0.26693300530314445,False,5.750783920288086,,end
FP32-FINAL-CPU-BEST-r2,FP32-FINAL-CPU-BEST,2,ok,5,True,reference_log_prob,reference_log_prob,reference_parameters,gpu_to_cpu,0.619590736925602,False,5.750783920288086,,end
FP32-FINAL-CPU-BEST-r2,FP32-FINAL-CPU-BEST,2,ok,5,True,actor_update,actor_update,actor_parameters,cpu_to_gpu,0.27497438713908195,False,5.750783920288086,,end
FP32-FINAL-CPU-BEST-r2,FP32-FINAL-CPU-BEST,2,ok,5,True,actor_update,actor_update,actor_parameters,gpu_to_cpu,0.6856195405125618,False,5.750783920288086,,end
FP32-FINAL-CPU-BEST-r2,FP32-FINAL-CPU-BEST,2,ok,6,True,rollout,rollout,actor_parameters,cpu_to_gpu,0.3131835162639618,False,5.750783920288086,,end
FP32-FINAL-CPU-BEST-r2,FP32-FINAL-CPU-BEST,2,ok,6,True,actor_log_prob,actor_log_prob,actor_parameters,gpu_to_cpu,0.63498580083251,False,5.750783920288086,,end
FP32-FINAL-CPU-BEST-r2,FP32-FINAL-CPU-BEST,2,ok,6,True,reference_log_prob,reference_log_prob,reference_parameters,cpu_to_gpu,0.26158588007092476,False,5.750783920288086,,end
FP32-FINAL-CPU-BEST-r2,FP32-FINAL-CPU-BEST,2,ok,6,True,reference_log_prob,reference_log_prob,reference_parameters,gpu_to_cpu,0.6286697946488857,False,5.750783920288086,,end
FP32-FINAL-CPU-BEST-r2,FP32-FINAL-CPU-BEST,2,ok,6,True,actor_update,actor_update,actor_parameters,cpu_to_gpu,0.2631424367427826,False,5.750783920288086,,end
FP32-FINAL-CPU-BEST-r2,FP32-FINAL-CPU-BEST,2,ok,6,True,actor_update,actor_update,actor_parameters,gpu_to_cpu,0.6867569237947464,False,5.750783920288086,,end
FP32-FINAL-CPU-BEST-r2,FP32-FINAL-CPU-BEST,2,ok,7,True,rollout,rollout,actor_parameters,cpu_to_gpu,0.4179958589375019,False,5.750783920288086,,end
FP32-FINAL-CPU-BEST-r2,FP32-FINAL-CPU-BEST,2,ok,7,True,actor_log_prob,actor_log_prob,actor_parameters,gpu_to_cpu,0.634499330073595,False,5.750783920288086,,end
FP32-FINAL-CPU-BEST-r2,FP32-FINAL-CPU-BEST,2,ok,7,True,reference_log_prob,reference_log_prob,reference_parameters,cpu_to_gpu,0.2690761424601078,False,5.750783920288086,,end
FP32-FINAL-CPU-BEST-r2,FP32-FINAL-CPU-BEST,2,ok,7,True,reference_log_prob,reference_log_prob,reference_parameters,gpu_to_cpu,0.6317086890339851,False,5.750783920288086,,end
FP32-FINAL-CPU-BEST-r2,FP32-FINAL-CPU-BEST,2,ok,7,True,actor_update,actor_update,actor_parameters,cpu_to_gpu,0.2614164464175701,False,5.750783920288086,,end
FP32-FINAL-CPU-BEST-r2,FP32-FINAL-CPU-BEST,2,ok,7,True,actor_update,actor_update,actor_parameters,gpu_to_cpu,0.6931585110723972,False,5.750783920288086,,end
FP32-FINAL-CPU-BEST-r2,FP32-FINAL-CPU-BEST,2,ok,8,True,rollout,rollout,actor_parameters,cpu_to_gpu,0.3174467384815216,False,5.750783920288086,,end
FP32-FINAL-CPU-BEST-r2,FP32-FINAL-CPU-BEST,2,ok,8,True,actor_log_prob,actor_log_prob,actor_parameters,gpu_to_cpu,0.6323581896722317,False,5.750783920288086,,end
FP32-FINAL-CPU-BEST-r2,FP32-FINAL-CPU-BEST,2,ok,8,True,reference_log_prob,reference_log_prob,reference_parameters,cpu_to_gpu,0.262453343719244,False,5.750783920288086,,end
FP32-FINAL-CPU-BEST-r2,FP32-FINAL-CPU-BEST,2,ok,8,True,reference_log_prob,reference_log_prob,reference_parameters,gpu_to_cpu,0.6288186870515347,False,5.750783920288086,,end
FP32-FINAL-CPU-BEST-r2,FP32-FINAL-CPU-BEST,2,ok,8,True,actor_update,actor_update,actor_parameters,cpu_to_gpu,0.26329305768013,False,5.750783920288086,,end
FP32-FINAL-CPU-BEST-r2,FP32-FINAL-CPU-BEST,2,ok,8,True,actor_update,actor_update,actor_parameters,gpu_to_cpu,0.6890451349318027,False,5.750783920288086,,end
FP32-FINAL-CPU-BEST-r2,FP32-FINAL-CPU-BEST,2,ok,9,True,rollout,rollout,actor_parameters,cpu_to_gpu,0.30681241676211357,False,5.750783920288086,,end
FP32-FINAL-CPU-BEST-r2,FP32-FINAL-CPU-BEST,2,ok,9,True,actor_log_prob,actor_log_prob,actor_parameters,gpu_to_cpu,0.6294433139264584,False,5.750783920288086,,end
FP32-FINAL-CPU-BEST-r2,FP32-FINAL-CPU-BEST,2,ok,9,True,reference_log_prob,reference_log_prob,reference_parameters,cpu_to_gpu,0.2634999677538872,False,5.750783920288086,,end
FP32-FINAL-CPU-BEST-r2,FP32-FINAL-CPU-BEST,2,ok,9,True,reference_log_prob,reference_log_prob,reference_parameters,gpu_to_cpu,0.8007503338158131,False,5.750783920288086,,end
FP32-FINAL-CPU-BEST-r2,FP32-FINAL-CPU-BEST,2,ok,9,True,actor_update,actor_update,actor_parameters,cpu_to_gpu,0.26550377905368805,False,5.750783920288086,,end
FP32-FINAL-CPU-BEST-r2,FP32-FINAL-CPU-BEST,2,ok,9,True,actor_update,actor_update,actor_parameters,gpu_to_cpu,0.6868868358433247,False,5.750783920288086,,end
FP32-FINAL-CPU-BEST-r2,FP32-FINAL-CPU-BEST,2,ok,10,True,rollout,rollout,actor_parameters,cpu_to_gpu,0.309562336653471,False,5.750783920288086,,end
FP32-FINAL-CPU-BEST-r2,FP32-FINAL-CPU-BEST,2,ok,10,True,actor_log_prob,actor_log_prob,actor_parameters,gpu_to_cpu,0.6286757066845894,False,5.750783920288086,,end
FP32-FINAL-CPU-BEST-r2,FP32-FINAL-CPU-BEST,2,ok,10,True,reference_log_prob,reference_log_prob,reference_parameters,cpu_to_gpu,0.26163291931152344,False,5.750783920288086,,end
FP32-FINAL-CPU-BEST-r2,FP32-FINAL-CPU-BEST,2,ok,10,True,reference_log_prob,reference_log_prob,reference_parameters,gpu_to_cpu,0.6270287185907364,False,5.750783920288086,,end
FP32-FINAL-CPU-BEST-r2,FP32-FINAL-CPU-BEST,2,ok,10,True,actor_update,actor_update,actor_parameters,cpu_to_gpu,0.26822303235530853,False,5.750783920288086,,end
FP32-FINAL-CPU-BEST-r2,FP32-FINAL-CPU-BEST,2,ok,10,True,actor_update,actor_update,actor_parameters,gpu_to_cpu,0.6860211342573166,False,5.750783920288086,,end
FP32-FINAL-CPU-BEST-r2,FP32-FINAL-CPU-BEST,2,ok,11,True,rollout,rollout,actor_parameters,cpu_to_gpu,0.29228027164936066,False,5.750783920288086,,end
FP32-FINAL-CPU-BEST-r2,FP32-FINAL-CPU-BEST,2,ok,11,True,actor_log_prob,actor_log_prob,actor_parameters,gpu_to_cpu,0.6239468529820442,False,5.750783920288086,,end
FP32-FINAL-CPU-BEST-r2,FP32-FINAL-CPU-BEST,2,ok,11,True,reference_log_prob,reference_log_prob,reference_parameters,cpu_to_gpu,0.26541249081492424,False,5.750783920288086,,end
FP32-FINAL-CPU-BEST-r2,FP32-FINAL-CPU-BEST,2,ok,11,True,reference_log_prob,reference_log_prob,reference_parameters,gpu_to_cpu,0.6300517246127129,False,5.750783920288086,,end
FP32-FINAL-CPU-BEST-r2,FP32-FINAL-CPU-BEST,2,ok,11,True,actor_update,actor_update,actor_parameters,cpu_to_gpu,0.25771044567227364,False,5.750783920288086,,end
FP32-FINAL-CPU-BEST-r2,FP32-FINAL-CPU-BEST,2,ok,11,True,actor_update,actor_update,actor_parameters,gpu_to_cpu,0.6903159581124783,False,5.750783920288086,,end
FP32-FINAL-CPU-BEST-r2,FP32-FINAL-CPU-BEST,2,ok,12,True,rollout,rollout,actor_parameters,cpu_to_gpu,0.31542519107460976,False,5.750783920288086,,end
FP32-FINAL-CPU-BEST-r2,FP32-FINAL-CPU-BEST,2,ok,12,True,actor_log_prob,actor_log_prob,actor_parameters,gpu_to_cpu,0.6283204890787601,False,5.750783920288086,,end
FP32-FINAL-CPU-BEST-r2,FP32-FINAL-CPU-BEST,2,ok,12,True,reference_log_prob,reference_log_prob,reference_parameters,cpu_to_gpu,0.41735807061195374,False,5.750783920288086,,end
FP32-FINAL-CPU-BEST-r2,FP32-FINAL-CPU-BEST,2,ok,12,True,reference_log_prob,reference_log_prob,reference_parameters,gpu_to_cpu,0.629387591034174,False,5.750783920288086,,end
FP32-FINAL-CPU-BEST-r2,FP32-FINAL-CPU-BEST,2,ok,12,True,actor_update,actor_update,actor_parameters,cpu_to_gpu,0.25889770686626434,False,5.750783920288086,,end
FP32-FINAL-CPU-BEST-r2,FP32-FINAL-CPU-BEST,2,ok,12,True,actor_update,actor_update,actor_parameters,gpu_to_cpu,0.6869538091123104,False,5.750783920288086,,end
FP32-FINAL-CPU-BEST-r2,FP32-FINAL-CPU-BEST,2,ok,13,True,rollout,rollout,actor_parameters,cpu_to_gpu,0.3111676946282387,False,5.750783920288086,,end
FP32-FINAL-CPU-BEST-r2,FP32-FINAL-CPU-BEST,2,ok,13,True,actor_log_prob,actor_log_prob,actor_parameters,gpu_to_cpu,0.6280415244400501,False,5.750783920288086,,end
FP32-FINAL-CPU-BEST-r2,FP32-FINAL-CPU-BEST,2,ok,13,True,reference_log_prob,reference_log_prob,reference_parameters,cpu_to_gpu,0.2714269571006298,False,5.750783920288086,,end
FP32-FINAL-CPU-BEST-r2,FP32-FINAL-CPU-BEST,2,ok,13,True,reference_log_prob,reference_log_prob,reference_parameters,gpu_to_cpu,0.6287802308797836,False,5.750783920288086,,end
FP32-FINAL-CPU-BEST-r2,FP32-FINAL-CPU-BEST,2,ok,13,True,actor_update,actor_update,actor_parameters,cpu_to_gpu,0.26467176899313927,False,5.750783920288086,,end
FP32-FINAL-CPU-BEST-r2,FP32-FINAL-CPU-BEST,2,ok,13,True,actor_update,actor_update,actor_parameters,gpu_to_cpu,0.6892171204090118,False,5.750783920288086,,end
FP32-FINAL-CPU-BEST-r2,FP32-FINAL-CPU-BEST,2,ok,14,True,rollout,rollout,actor_parameters,cpu_to_gpu,0.3069270923733711,False,5.750783920288086,,end
FP32-FINAL-CPU-BEST-r2,FP32-FINAL-CPU-BEST,2,ok,14,True,actor_log_prob,actor_log_prob,actor_parameters,gpu_to_cpu,0.6351244896650314,False,5.750783920288086,,end
FP32-FINAL-CPU-BEST-r2,FP32-FINAL-CPU-BEST,2,ok,14,True,reference_log_prob,reference_log_prob,reference_parameters,cpu_to_gpu,0.26347608491778374,False,5.750783920288086,,end
FP32-FINAL-CPU-BEST-r2,FP32-FINAL-CPU-BEST,2,ok,14,True,reference_log_prob,reference_log_prob,reference_parameters,gpu_to_cpu,0.6327060014009476,False,5.750783920288086,,end
FP32-FINAL-CPU-BEST-r2,FP32-FINAL-CPU-BEST,2,ok,14,True,actor_update,actor_update,actor_parameters,cpu_to_gpu,0.26266705244779587,False,5.750783920288086,,end
FP32-FINAL-CPU-BEST-r2,FP32-FINAL-CPU-BEST,2,ok,14,True,actor_update,actor_update,actor_parameters,gpu_to_cpu,0.6917056106030941,False,5.750783920288086,,end
FP32-FINAL-CPU-BEST-r2,FP32-FINAL-CPU-BEST,2,ok,15,True,rollout,rollout,actor_parameters,cpu_to_gpu,0.3143021762371063,False,5.750783920288086,,end
FP32-FINAL-CPU-BEST-r2,FP32-FINAL-CPU-BEST,2,ok,15,True,actor_log_prob,actor_log_prob,actor_parameters,gpu_to_cpu,0.6327622383832932,False,5.750783920288086,,end
FP32-FINAL-CPU-BEST-r2,FP32-FINAL-CPU-BEST,2,ok,15,True,reference_log_prob,reference_log_prob,reference_parameters,cpu_to_gpu,0.2616863399744034,False,5.750783920288086,,end
FP32-FINAL-CPU-BEST-r2,FP32-FINAL-CPU-BEST,2,ok,15,True,reference_log_prob,reference_log_prob,reference_parameters,gpu_to_cpu,0.6195355132222176,False,5.750783920288086,,end
FP32-FINAL-CPU-BEST-r2,FP32-FINAL-CPU-BEST,2,ok,15,True,actor_update,actor_update,actor_parameters,cpu_to_gpu,0.26869670674204826,False,5.750783920288086,,end
FP32-FINAL-CPU-BEST-r2,FP32-FINAL-CPU-BEST,2,ok,15,True,actor_update,actor_update,actor_parameters,gpu_to_cpu,0.682601522654295,False,5.750783920288086,,end
FP32-FINAL-CPU-BEST-r2,FP32-FINAL-CPU-BEST,2,ok,16,True,rollout,rollout,actor_parameters,cpu_to_gpu,0.4885905832052231,False,5.750783920288086,,end
FP32-FINAL-CPU-BEST-r2,FP32-FINAL-CPU-BEST,2,ok,16,True,actor_log_prob,actor_log_prob,actor_parameters,gpu_to_cpu,0.6353231929242611,False,5.750783920288086,,end
FP32-FINAL-CPU-BEST-r2,FP32-FINAL-CPU-BEST,2,ok,16,True,reference_log_prob,reference_log_prob,reference_parameters,cpu_to_gpu,0.26373133435845375,False,5.750783920288086,,end
FP32-FINAL-CPU-BEST-r2,FP32-FINAL-CPU-BEST,2,ok,16,True,reference_log_prob,reference_log_prob,reference_parameters,gpu_to_cpu,0.619502168148756,False,5.750783920288086,,end
FP32-FINAL-CPU-BEST-r2,FP32-FINAL-CPU-BEST,2,ok,16,True,actor_update,actor_update,actor_parameters,cpu_to_gpu,0.2647760920226574,False,5.750783920288086,,end
FP32-FINAL-CPU-BEST-r2,FP32-FINAL-CPU-BEST,2,ok,16,True,actor_update,actor_update,actor_parameters,gpu_to_cpu,0.6872550174593925,False,5.750783920288086,,end
FP32-FINAL-CPU-BEST-r2,FP32-FINAL-CPU-BEST,2,ok,17,True,rollout,rollout,actor_parameters,cpu_to_gpu,0.31341130286455154,False,5.750783920288086,,end
FP32-FINAL-CPU-BEST-r2,FP32-FINAL-CPU-BEST,2,ok,17,True,actor_log_prob,actor_log_prob,actor_parameters,gpu_to_cpu,0.6334539353847504,False,5.750783920288086,,end
FP32-FINAL-CPU-BEST-r2,FP32-FINAL-CPU-BEST,2,ok,17,True,reference_log_prob,reference_log_prob,reference_parameters,cpu_to_gpu,0.26624613255262375,False,5.750783920288086,,end
FP32-FINAL-CPU-BEST-r2,FP32-FINAL-CPU-BEST,2,ok,17,True,reference_log_prob,reference_log_prob,reference_parameters,gpu_to_cpu,0.6310731470584869,False,5.750783920288086,,end
FP32-FINAL-CPU-BEST-r2,FP32-FINAL-CPU-BEST,2,ok,17,True,actor_update,actor_update,actor_parameters,cpu_to_gpu,0.2625204473733902,False,5.750783920288086,,end
FP32-FINAL-CPU-BEST-r2,FP32-FINAL-CPU-BEST,2,ok,17,True,actor_update,actor_update,actor_parameters,gpu_to_cpu,0.6929371170699596,False,5.750783920288086,,end
FP32-FINAL-CPU-BEST-r2,FP32-FINAL-CPU-BEST,2,ok,18,True,rollout,rollout,actor_parameters,cpu_to_gpu,0.3068821504712105,False,5.750783920288086,,end
FP32-FINAL-CPU-BEST-r2,FP32-FINAL-CPU-BEST,2,ok,18,True,actor_log_prob,actor_log_prob,actor_parameters,gpu_to_cpu,0.631085854023695,False,5.750783920288086,,end
FP32-FINAL-CPU-BEST-r2,FP32-FINAL-CPU-BEST,2,ok,18,True,reference_log_prob,reference_log_prob,reference_parameters,cpu_to_gpu,0.26478947326540947,False,5.750783920288086,,end
FP32-FINAL-CPU-BEST-r2,FP32-FINAL-CPU-BEST,2,ok,18,True,reference_log_prob,reference_log_prob,reference_parameters,gpu_to_cpu,0.6322316192090511,False,5.750783920288086,,end
FP32-FINAL-CPU-BEST-r2,FP32-FINAL-CPU-BEST,2,ok,18,True,actor_update,actor_update,actor_parameters,cpu_to_gpu,0.26145053282380104,False,5.750783920288086,,end
FP32-FINAL-CPU-BEST-r2,FP32-FINAL-CPU-BEST,2,ok,18,True,actor_update,actor_update,actor_parameters,gpu_to_cpu,0.6861884593963623,False,5.750783920288086,,end
FP32-FINAL-CPU-BEST-r2,FP32-FINAL-CPU-BEST,2,ok,19,True,rollout,rollout,actor_parameters,cpu_to_gpu,0.3121642768383026,False,5.750783920288086,,end
FP32-FINAL-CPU-BEST-r2,FP32-FINAL-CPU-BEST,2,ok,19,True,actor_log_prob,actor_log_prob,actor_parameters,gpu_to_cpu,0.6349786557257175,False,5.750783920288086,,end
FP32-FINAL-CPU-BEST-r2,FP32-FINAL-CPU-BEST,2,ok,19,True,reference_log_prob,reference_log_prob,reference_parameters,cpu_to_gpu,0.2633063681423664,False,5.750783920288086,,end
FP32-FINAL-CPU-BEST-r2,FP32-FINAL-CPU-BEST,2,ok,19,True,reference_log_prob,reference_log_prob,reference_parameters,gpu_to_cpu,0.6332683600485325,False,5.750783920288086,,end
FP32-FINAL-CPU-BEST-r2,FP32-FINAL-CPU-BEST,2,ok,19,True,actor_update,actor_update,actor_parameters,cpu_to_gpu,0.25991830229759216,False,5.750783920288086,,end
FP32-FINAL-CPU-BEST-r2,FP32-FINAL-CPU-BEST,2,ok,19,True,actor_update,actor_update,actor_parameters,gpu_to_cpu,0.7028330564498901,False,5.750783920288086,,end
FP32-FINAL-CPU-BEST-r2,FP32-FINAL-CPU-BEST,2,ok,20,True,rollout,rollout,actor_parameters,cpu_to_gpu,0.4751155897974968,False,5.750783920288086,,end
FP32-FINAL-CPU-BEST-r2,FP32-FINAL-CPU-BEST,2,ok,20,True,actor_log_prob,actor_log_prob,actor_parameters,gpu_to_cpu,0.6379445418715477,False,5.750783920288086,,end
FP32-FINAL-CPU-BEST-r2,FP32-FINAL-CPU-BEST,2,ok,20,True,reference_log_prob,reference_log_prob,reference_parameters,cpu_to_gpu,0.2774716690182686,False,5.750783920288086,,end
FP32-FINAL-CPU-BEST-r2,FP32-FINAL-CPU-BEST,2,ok,20,True,reference_log_prob,reference_log_prob,reference_parameters,gpu_to_cpu,0.6305533684790134,False,5.750783920288086,,end
FP32-FINAL-CPU-BEST-r2,FP32-FINAL-CPU-BEST,2,ok,20,True,actor_update,actor_update,actor_parameters,cpu_to_gpu,0.26356054469943047,False,5.750783920288086,,end
FP32-FINAL-CPU-BEST-r2,FP32-FINAL-CPU-BEST,2,ok,20,True,actor_update,actor_update,actor_parameters,gpu_to_cpu,0.6869559623301029,False,5.750783920288086,,end
FP32-FINAL-CPU-BEST-r2,FP32-FINAL-CPU-BEST,2,ok,21,True,rollout,rollout,actor_parameters,cpu_to_gpu,0.30614518746733665,False,5.750783920288086,,end
FP32-FINAL-CPU-BEST-r2,FP32-FINAL-CPU-BEST,2,ok,21,True,actor_log_prob,actor_log_prob,actor_parameters,gpu_to_cpu,0.6324068643152714,False,5.750783920288086,,end
FP32-FINAL-CPU-BEST-r2,FP32-FINAL-CPU-BEST,2,ok,21,True,reference_log_prob,reference_log_prob,reference_parameters,cpu_to_gpu,0.264535591006279,False,5.750783920288086,,end
FP32-FINAL-CPU-BEST-r2,FP32-FINAL-CPU-BEST,2,ok,21,True,reference_log_prob,reference_log_prob,reference_parameters,gpu_to_cpu,0.6327904462814331,False,5.750783920288086,,end
FP32-FINAL-CPU-BEST-r2,FP32-FINAL-CPU-BEST,2,ok,21,True,actor_update,actor_update,actor_parameters,cpu_to_gpu,0.25984136015176773,False,5.750783920288086,,end
FP32-FINAL-CPU-BEST-r2,FP32-FINAL-CPU-BEST,2,ok,21,True,actor_update,actor_update,actor_parameters,gpu_to_cpu,0.688227467238903,False,5.750783920288086,,end
FP32-FINAL-CPU-BEST-r2,FP32-FINAL-CPU-BEST,2,ok,22,True,rollout,rollout,actor_parameters,cpu_to_gpu,0.3078775182366371,False,5.750783920288086,,end
FP32-FINAL-CPU-BEST-r2,FP32-FINAL-CPU-BEST,2,ok,22,True,actor_log_prob,actor_log_prob,actor_parameters,gpu_to_cpu,0.6350930817425251,False,5.750783920288086,,end
FP32-FINAL-CPU-BEST-r2,FP32-FINAL-CPU-BEST,2,ok,22,True,reference_log_prob,reference_log_prob,reference_parameters,cpu_to_gpu,0.2634287178516388,False,5.750783920288086,,end
FP32-FINAL-CPU-BEST-r2,FP32-FINAL-CPU-BEST,2,ok,22,True,reference_log_prob,reference_log_prob,reference_parameters,gpu_to_cpu,0.6276787407696247,False,5.750783920288086,,end
FP32-FINAL-CPU-BEST-r2,FP32-FINAL-CPU-BEST,2,ok,22,True,actor_update,actor_update,actor_parameters,cpu_to_gpu,0.26824671402573586,False,5.750783920288086,,end
FP32-FINAL-CPU-BEST-r2,FP32-FINAL-CPU-BEST,2,ok,22,True,actor_update,actor_update,actor_parameters,gpu_to_cpu,0.6887594237923622,False,5.750783920288086,,end
FP32-FINAL-CPU-BEST-r2,FP32-FINAL-CPU-BEST,2,ok,23,True,rollout,rollout,actor_parameters,cpu_to_gpu,0.3196537159383297,False,5.750783920288086,,end
FP32-FINAL-CPU-BEST-r2,FP32-FINAL-CPU-BEST,2,ok,23,True,actor_log_prob,actor_log_prob,actor_parameters,gpu_to_cpu,0.6319821588695049,False,5.750783920288086,,end
FP32-FINAL-CPU-BEST-r2,FP32-FINAL-CPU-BEST,2,ok,23,True,reference_log_prob,reference_log_prob,reference_parameters,cpu_to_gpu,0.26892658695578575,False,5.750783920288086,,end
FP32-FINAL-CPU-BEST-r2,FP32-FINAL-CPU-BEST,2,ok,23,True,reference_log_prob,reference_log_prob,reference_parameters,gpu_to_cpu,0.6311236210167408,False,5.750783920288086,,end
FP32-FINAL-CPU-BEST-r2,FP32-FINAL-CPU-BEST,2,ok,23,True,actor_update,actor_update,actor_parameters,cpu_to_gpu,0.2630595527589321,False,5.750783920288086,,end
FP32-FINAL-CPU-BEST-r2,FP32-FINAL-CPU-BEST,2,ok,23,True,actor_update,actor_update,actor_parameters,gpu_to_cpu,0.8613110966980457,False,5.750783920288086,,end
FP32-FINAL-CPU-BEST-r2,FP32-FINAL-CPU-BEST,2,ok,24,True,rollout,rollout,actor_parameters,cpu_to_gpu,0.30323710292577744,False,5.750783920288086,,end
FP32-FINAL-CPU-BEST-r2,FP32-FINAL-CPU-BEST,2,ok,24,True,actor_log_prob,actor_log_prob,actor_parameters,gpu_to_cpu,0.6245625242590904,False,5.750783920288086,,end
FP32-FINAL-CPU-BEST-r2,FP32-FINAL-CPU-BEST,2,ok,24,True,reference_log_prob,reference_log_prob,reference_parameters,cpu_to_gpu,0.26777293160557747,False,5.750783920288086,,end
FP32-FINAL-CPU-BEST-r2,FP32-FINAL-CPU-BEST,2,ok,24,True,reference_log_prob,reference_log_prob,reference_parameters,gpu_to_cpu,0.6294672079384327,False,5.750783920288086,,end
FP32-FINAL-CPU-BEST-r2,FP32-FINAL-CPU-BEST,2,ok,24,True,actor_update,actor_update,actor_parameters,cpu_to_gpu,0.2556184157729149,False,5.750783920288086,,end
FP32-FINAL-CPU-BEST-r2,FP32-FINAL-CPU-BEST,2,ok,24,True,actor_update,actor_update,actor_parameters,gpu_to_cpu,0.6911349445581436,False,5.750783920288086,,end
FP32-FINAL-CPU-BEST-r2,FP32-FINAL-CPU-BEST,2,ok,25,True,rollout,rollout,actor_parameters,cpu_to_gpu,0.3072810396552086,False,5.750783920288086,,end
FP32-FINAL-CPU-BEST-r2,FP32-FINAL-CPU-BEST,2,ok,25,True,actor_log_prob,actor_log_prob,actor_parameters,gpu_to_cpu,0.6358717381954193,False,5.750783920288086,,end
FP32-FINAL-CPU-BEST-r2,FP32-FINAL-CPU-BEST,2,ok,25,True,reference_log_prob,reference_log_prob,reference_parameters,cpu_to_gpu,0.4565070867538452,False,5.750783920288086,,end
FP32-FINAL-CPU-BEST-r2,FP32-FINAL-CPU-BEST,2,ok,25,True,reference_log_prob,reference_log_prob,reference_parameters,gpu_to_cpu,0.6223928481340408,False,5.750783920288086,,end
FP32-FINAL-CPU-BEST-r2,FP32-FINAL-CPU-BEST,2,ok,25,True,actor_update,actor_update,actor_parameters,cpu_to_gpu,0.26783015206456184,False,5.750783920288086,,end
FP32-FINAL-CPU-BEST-r2,FP32-FINAL-CPU-BEST,2,ok,25,True,actor_update,actor_update,actor_parameters,gpu_to_cpu,0.6863081641495228,False,5.750783920288086,,end
FP32-FINAL-CPU-BEST-r2,FP32-FINAL-CPU-BEST,2,ok,26,True,rollout,rollout,actor_parameters,cpu_to_gpu,0.3054746426641941,False,5.750783920288086,,end
FP32-FINAL-CPU-BEST-r2,FP32-FINAL-CPU-BEST,2,ok,26,True,actor_log_prob,actor_log_prob,actor_parameters,gpu_to_cpu,0.6365760862827301,False,5.750783920288086,,end
FP32-FINAL-CPU-BEST-r2,FP32-FINAL-CPU-BEST,2,ok,26,True,reference_log_prob,reference_log_prob,reference_parameters,cpu_to_gpu,0.2810514308512211,False,5.750783920288086,,end
FP32-FINAL-CPU-BEST-r2,FP32-FINAL-CPU-BEST,2,ok,26,True,reference_log_prob,reference_log_prob,reference_parameters,gpu_to_cpu,0.8047685213387012,False,5.750783920288086,,end
FP32-FINAL-CPU-BEST-r2,FP32-FINAL-CPU-BEST,2,ok,26,True,actor_update,actor_update,actor_parameters,cpu_to_gpu,0.2579151540994644,False,5.750783920288086,,end
FP32-FINAL-CPU-BEST-r2,FP32-FINAL-CPU-BEST,2,ok,26,True,actor_update,actor_update,actor_parameters,gpu_to_cpu,0.6917457394301891,False,5.750783920288086,,end
FP32-FINAL-CPU-BEST-r2,FP32-FINAL-CPU-BEST,2,ok,27,True,rollout,rollout,actor_parameters,cpu_to_gpu,0.31560033187270164,False,5.750783920288086,,end
FP32-FINAL-CPU-BEST-r2,FP32-FINAL-CPU-BEST,2,ok,27,True,actor_log_prob,actor_log_prob,actor_parameters,gpu_to_cpu,0.6354591995477676,False,5.750783920288086,,end
FP32-FINAL-CPU-BEST-r2,FP32-FINAL-CPU-BEST,2,ok,27,True,reference_log_prob,reference_log_prob,reference_parameters,cpu_to_gpu,0.26557116210460663,False,5.750783920288086,,end
FP32-FINAL-CPU-BEST-r2,FP32-FINAL-CPU-BEST,2,ok,27,True,reference_log_prob,reference_log_prob,reference_parameters,gpu_to_cpu,0.6292296499013901,False,5.750783920288086,,end
FP32-FINAL-CPU-BEST-r2,FP32-FINAL-CPU-BEST,2,ok,27,True,actor_update,actor_update,actor_parameters,cpu_to_gpu,0.2587946057319641,False,5.750783920288086,,end
FP32-FINAL-CPU-BEST-r2,FP32-FINAL-CPU-BEST,2,ok,27,True,actor_update,actor_update,actor_parameters,gpu_to_cpu,0.6871775723993778,False,5.750783920288086,,end
FP32-FINAL-CPU-BEST-r2,FP32-FINAL-CPU-BEST,2,ok,28,True,rollout,rollout,actor_parameters,cpu_to_gpu,0.3028682507574558,False,5.750783920288086,,end
FP32-FINAL-CPU-BEST-r2,FP32-FINAL-CPU-BEST,2,ok,28,True,actor_log_prob,actor_log_prob,actor_parameters,gpu_to_cpu,0.6339944750070572,False,5.750783920288086,,end
FP32-FINAL-CPU-BEST-r2,FP32-FINAL-CPU-BEST,2,ok,28,True,reference_log_prob,reference_log_prob,reference_parameters,cpu_to_gpu,0.2604116089642048,False,5.750783920288086,,end
FP32-FINAL-CPU-BEST-r2,FP32-FINAL-CPU-BEST,2,ok,28,True,reference_log_prob,reference_log_prob,reference_parameters,gpu_to_cpu,0.6209375113248825,False,5.750783920288086,,end
FP32-FINAL-CPU-BEST-r2,FP32-FINAL-CPU-BEST,2,ok,28,True,actor_update,actor_update,actor_parameters,cpu_to_gpu,0.2566724382340908,False,5.750783920288086,,end
FP32-FINAL-CPU-BEST-r2,FP32-FINAL-CPU-BEST,2,ok,28,True,actor_update,actor_update,actor_parameters,gpu_to_cpu,0.6916539594531059,False,5.750783920288086,,end
FP32-FINAL-CPU-BEST-r2,FP32-FINAL-CPU-BEST,2,ok,29,True,rollout,rollout,actor_parameters,cpu_to_gpu,0.31453167647123337,False,5.750783920288086,,end
FP32-FINAL-CPU-BEST-r2,FP32-FINAL-CPU-BEST,2,ok,29,True,actor_log_prob,actor_log_prob,actor_parameters,gpu_to_cpu,0.7582299932837486,False,5.750783920288086,,end
FP32-FINAL-CPU-BEST-r2,FP32-FINAL-CPU-BEST,2,ok,29,True,reference_log_prob,reference_log_prob,reference_parameters,cpu_to_gpu,0.2682267166674137,False,5.750783920288086,,end
FP32-FINAL-CPU-BEST-r2,FP32-FINAL-CPU-BEST,2,ok,29,True,reference_log_prob,reference_log_prob,reference_parameters,gpu_to_cpu,0.6312845945358276,False,5.750783920288086,,end
FP32-FINAL-CPU-BEST-r2,FP32-FINAL-CPU-BEST,2,ok,29,True,actor_update,actor_update,actor_parameters,cpu_to_gpu,0.25563764572143555,False,5.750783920288086,,end
FP32-FINAL-CPU-BEST-r2,FP32-FINAL-CPU-BEST,2,ok,29,True,actor_update,actor_update,actor_parameters,gpu_to_cpu,0.6945456378161907,False,5.750783920288086,,end
FP32-FINAL-CPU-BEST-r2,FP32-FINAL-CPU-BEST,2,ok,30,True,rollout,rollout,actor_parameters,cpu_to_gpu,0.30362382531166077,False,5.750783920288086,,end
FP32-FINAL-CPU-BEST-r2,FP32-FINAL-CPU-BEST,2,ok,30,True,actor_log_prob,actor_log_prob,actor_parameters,gpu_to_cpu,0.6338701024651527,False,5.750783920288086,,end
FP32-FINAL-CPU-BEST-r2,FP32-FINAL-CPU-BEST,2,ok,30,True,reference_log_prob,reference_log_prob,reference_parameters,cpu_to_gpu,0.25971129536628723,False,5.750783920288086,,end
FP32-FINAL-CPU-BEST-r2,FP32-FINAL-CPU-BEST,2,ok,30,True,reference_log_prob,reference_log_prob,reference_parameters,gpu_to_cpu,0.6394746452569962,False,5.750783920288086,,end
FP32-FINAL-CPU-BEST-r2,FP32-FINAL-CPU-BEST,2,ok,30,True,actor_update,actor_update,actor_parameters,cpu_to_gpu,0.25542888417840004,False,5.750783920288086,,end
FP32-FINAL-CPU-BEST-r2,FP32-FINAL-CPU-BEST,2,ok,30,True,actor_update,actor_update,actor_parameters,gpu_to_cpu,0.6927620247006416,False,5.750783920288086,,end
FP32-FINAL-CPU-BEST-r2,FP32-FINAL-CPU-BEST,2,ok,31,True,rollout,rollout,actor_parameters,cpu_to_gpu,0.3120565414428711,False,5.750783920288086,,end
FP32-FINAL-CPU-BEST-r2,FP32-FINAL-CPU-BEST,2,ok,31,True,actor_log_prob,actor_log_prob,actor_parameters,gpu_to_cpu,0.6303420439362526,False,5.750783920288086,,end
FP32-FINAL-CPU-BEST-r2,FP32-FINAL-CPU-BEST,2,ok,31,True,reference_log_prob,reference_log_prob,reference_parameters,cpu_to_gpu,0.2649572975933552,False,5.750783920288086,,end
FP32-FINAL-CPU-BEST-r2,FP32-FINAL-CPU-BEST,2,ok,31,True,reference_log_prob,reference_log_prob,reference_parameters,gpu_to_cpu,0.638325996696949,False,5.750783920288086,,end
FP32-FINAL-CPU-BEST-r2,FP32-FINAL-CPU-BEST,2,ok,31,True,actor_update,actor_update,actor_parameters,cpu_to_gpu,0.28280599787831306,False,5.750783920288086,,end
FP32-FINAL-CPU-BEST-r2,FP32-FINAL-CPU-BEST,2,ok,31,True,actor_update,actor_update,actor_parameters,gpu_to_cpu,0.6895542219281197,False,5.750783920288086,,end
FP32-FINAL-CPU-BEST-r2,FP32-FINAL-CPU-BEST,2,ok,32,True,rollout,rollout,actor_parameters,cpu_to_gpu,0.31096017733216286,False,5.750783920288086,,end
FP32-FINAL-CPU-BEST-r2,FP32-FINAL-CPU-BEST,2,ok,32,True,actor_log_prob,actor_log_prob,actor_parameters,gpu_to_cpu,0.6366766840219498,False,5.750783920288086,,end
FP32-FINAL-CPU-BEST-r2,FP32-FINAL-CPU-BEST,2,ok,32,True,reference_log_prob,reference_log_prob,reference_parameters,cpu_to_gpu,0.26257161423563957,False,5.750783920288086,,end
FP32-FINAL-CPU-BEST-r2,FP32-FINAL-CPU-BEST,2,ok,32,True,reference_log_prob,reference_log_prob,reference_parameters,gpu_to_cpu,0.6345344260334969,False,5.750783920288086,,end
FP32-FINAL-CPU-BEST-r2,FP32-FINAL-CPU-BEST,2,ok,32,True,actor_update,actor_update,actor_parameters,cpu_to_gpu,0.2672301083803177,False,5.750783920288086,,end
FP32-FINAL-CPU-BEST-r2,FP32-FINAL-CPU-BEST,2,ok,32,True,actor_update,actor_update,actor_parameters,gpu_to_cpu,0.6896003931760788,False,5.750783920288086,,end
FP32-FINAL-CPU-BEST-r3,FP32-FINAL-CPU-BEST,3,ok,1,False,rollout,rollout,actor_parameters,cpu_to_gpu,0.2679913118481636,False,5.750783920288086,,end
FP32-FINAL-CPU-BEST-r3,FP32-FINAL-CPU-BEST,3,ok,1,False,actor_log_prob,actor_log_prob,actor_parameters,gpu_to_cpu,0.6303683146834373,False,5.750783920288086,,end
FP32-FINAL-CPU-BEST-r3,FP32-FINAL-CPU-BEST,3,ok,1,False,reference_log_prob,reference_log_prob,reference_parameters,cpu_to_gpu,0.2644138038158417,False,5.750783920288086,,end
FP32-FINAL-CPU-BEST-r3,FP32-FINAL-CPU-BEST,3,ok,1,False,reference_log_prob,reference_log_prob,reference_parameters,gpu_to_cpu,0.6349477581679821,False,5.750783920288086,,end
FP32-FINAL-CPU-BEST-r3,FP32-FINAL-CPU-BEST,3,ok,1,False,actor_update,actor_update,actor_parameters,cpu_to_gpu,0.2723657116293907,False,5.750783920288086,,end
FP32-FINAL-CPU-BEST-r3,FP32-FINAL-CPU-BEST,3,ok,1,False,actor_update,actor_update,actor_parameters,gpu_to_cpu,0.6872509866952896,False,5.750783920288086,,end
FP32-FINAL-CPU-BEST-r3,FP32-FINAL-CPU-BEST,3,ok,2,False,rollout,rollout,actor_parameters,cpu_to_gpu,0.31271199882030487,False,5.750783920288086,,end
FP32-FINAL-CPU-BEST-r3,FP32-FINAL-CPU-BEST,3,ok,2,False,actor_log_prob,actor_log_prob,actor_parameters,gpu_to_cpu,0.6353661008179188,False,5.750783920288086,,end
FP32-FINAL-CPU-BEST-r3,FP32-FINAL-CPU-BEST,3,ok,2,False,reference_log_prob,reference_log_prob,reference_parameters,cpu_to_gpu,0.26519904658198357,False,5.750783920288086,,end
FP32-FINAL-CPU-BEST-r3,FP32-FINAL-CPU-BEST,3,ok,2,False,reference_log_prob,reference_log_prob,reference_parameters,gpu_to_cpu,0.6238168999552727,False,5.750783920288086,,end
FP32-FINAL-CPU-BEST-r3,FP32-FINAL-CPU-BEST,3,ok,2,False,actor_update,actor_update,actor_parameters,cpu_to_gpu,0.2720756456255913,False,5.750783920288086,,end
FP32-FINAL-CPU-BEST-r3,FP32-FINAL-CPU-BEST,3,ok,2,False,actor_update,actor_update,actor_parameters,gpu_to_cpu,0.6850783862173557,False,5.750783920288086,,end
FP32-FINAL-CPU-BEST-r3,FP32-FINAL-CPU-BEST,3,ok,3,True,rollout,rollout,actor_parameters,cpu_to_gpu,0.2626708261668682,False,5.750783920288086,,end
FP32-FINAL-CPU-BEST-r3,FP32-FINAL-CPU-BEST,3,ok,3,True,actor_log_prob,actor_log_prob,actor_parameters,gpu_to_cpu,0.6342016197741032,False,5.750783920288086,,end
FP32-FINAL-CPU-BEST-r3,FP32-FINAL-CPU-BEST,3,ok,3,True,reference_log_prob,reference_log_prob,reference_parameters,cpu_to_gpu,0.26286008208990097,False,5.750783920288086,,end
FP32-FINAL-CPU-BEST-r3,FP32-FINAL-CPU-BEST,3,ok,3,True,reference_log_prob,reference_log_prob,reference_parameters,gpu_to_cpu,0.6338917724788189,False,5.750783920288086,,end
FP32-FINAL-CPU-BEST-r3,FP32-FINAL-CPU-BEST,3,ok,3,True,actor_update,actor_update,actor_parameters,cpu_to_gpu,0.2640589438378811,False,5.750783920288086,,end
FP32-FINAL-CPU-BEST-r3,FP32-FINAL-CPU-BEST,3,ok,3,True,actor_update,actor_update,actor_parameters,gpu_to_cpu,0.6889829859137535,False,5.750783920288086,,end
FP32-FINAL-CPU-BEST-r3,FP32-FINAL-CPU-BEST,3,ok,4,True,rollout,rollout,actor_parameters,cpu_to_gpu,0.31281211227178574,False,5.750783920288086,,end
FP32-FINAL-CPU-BEST-r3,FP32-FINAL-CPU-BEST,3,ok,4,True,actor_log_prob,actor_log_prob,actor_parameters,gpu_to_cpu,0.6354464180767536,False,5.750783920288086,,end
FP32-FINAL-CPU-BEST-r3,FP32-FINAL-CPU-BEST,3,ok,4,True,reference_log_prob,reference_log_prob,reference_parameters,cpu_to_gpu,0.26483187079429626,False,5.750783920288086,,end
FP32-FINAL-CPU-BEST-r3,FP32-FINAL-CPU-BEST,3,ok,4,True,reference_log_prob,reference_log_prob,reference_parameters,gpu_to_cpu,0.6209234148263931,False,5.750783920288086,,end
FP32-FINAL-CPU-BEST-r3,FP32-FINAL-CPU-BEST,3,ok,4,True,actor_update,actor_update,actor_parameters,cpu_to_gpu,0.4663664177060127,False,5.750783920288086,,end
FP32-FINAL-CPU-BEST-r3,FP32-FINAL-CPU-BEST,3,ok,4,True,actor_update,actor_update,actor_parameters,gpu_to_cpu,0.6939176321029663,False,5.750783920288086,,end
FP32-FINAL-CPU-BEST-r3,FP32-FINAL-CPU-BEST,3,ok,5,True,rollout,rollout,actor_parameters,cpu_to_gpu,0.3065783530473709,False,5.750783920288086,,end
FP32-FINAL-CPU-BEST-r3,FP32-FINAL-CPU-BEST,3,ok,5,True,actor_log_prob,actor_log_prob,actor_parameters,gpu_to_cpu,0.6348981633782387,False,5.750783920288086,,end
FP32-FINAL-CPU-BEST-r3,FP32-FINAL-CPU-BEST,3,ok,5,True,reference_log_prob,reference_log_prob,reference_parameters,cpu_to_gpu,0.2613714560866356,False,5.750783920288086,,end
FP32-FINAL-CPU-BEST-r3,FP32-FINAL-CPU-BEST,3,ok,5,True,reference_log_prob,reference_log_prob,reference_parameters,gpu_to_cpu,0.6373309604823589,False,5.750783920288086,,end
FP32-FINAL-CPU-BEST-r3,FP32-FINAL-CPU-BEST,3,ok,5,True,actor_update,actor_update,actor_parameters,cpu_to_gpu,0.26298149675130844,False,5.750783920288086,,end
FP32-FINAL-CPU-BEST-r3,FP32-FINAL-CPU-BEST,3,ok,5,True,actor_update,actor_update,actor_parameters,gpu_to_cpu,0.6900961510837078,False,5.750783920288086,,end
FP32-FINAL-CPU-BEST-r3,FP32-FINAL-CPU-BEST,3,ok,6,True,rollout,rollout,actor_parameters,cpu_to_gpu,0.30219147726893425,False,5.750783920288086,,end
FP32-FINAL-CPU-BEST-r3,FP32-FINAL-CPU-BEST,3,ok,6,True,actor_log_prob,actor_log_prob,actor_parameters,gpu_to_cpu,0.6240833103656769,False,5.750783920288086,,end
FP32-FINAL-CPU-BEST-r3,FP32-FINAL-CPU-BEST,3,ok,6,True,reference_log_prob,reference_log_prob,reference_parameters,cpu_to_gpu,0.278681393712759,False,5.750783920288086,,end
FP32-FINAL-CPU-BEST-r3,FP32-FINAL-CPU-BEST,3,ok,6,True,reference_log_prob,reference_log_prob,reference_parameters,gpu_to_cpu,0.6325115114450455,False,5.750783920288086,,end
FP32-FINAL-CPU-BEST-r3,FP32-FINAL-CPU-BEST,3,ok,6,True,actor_update,actor_update,actor_parameters,cpu_to_gpu,0.2647802382707596,False,5.750783920288086,,end
FP32-FINAL-CPU-BEST-r3,FP32-FINAL-CPU-BEST,3,ok,6,True,actor_update,actor_update,actor_parameters,gpu_to_cpu,0.689851425588131,False,5.750783920288086,,end
FP32-FINAL-CPU-BEST-r3,FP32-FINAL-CPU-BEST,3,ok,7,True,rollout,rollout,actor_parameters,cpu_to_gpu,0.31270013377070427,False,5.750783920288086,,end
FP32-FINAL-CPU-BEST-r3,FP32-FINAL-CPU-BEST,3,ok,7,True,actor_log_prob,actor_log_prob,actor_parameters,gpu_to_cpu,0.8208798319101334,False,5.750783920288086,,end
FP32-FINAL-CPU-BEST-r3,FP32-FINAL-CPU-BEST,3,ok,7,True,reference_log_prob,reference_log_prob,reference_parameters,cpu_to_gpu,0.26923438161611557,False,5.750783920288086,,end
FP32-FINAL-CPU-BEST-r3,FP32-FINAL-CPU-BEST,3,ok,7,True,reference_log_prob,reference_log_prob,reference_parameters,gpu_to_cpu,0.6207061670720577,False,5.750783920288086,,end
FP32-FINAL-CPU-BEST-r3,FP32-FINAL-CPU-BEST,3,ok,7,True,actor_update,actor_update,actor_parameters,cpu_to_gpu,0.27407657727599144,False,5.750783920288086,,end
FP32-FINAL-CPU-BEST-r3,FP32-FINAL-CPU-BEST,3,ok,7,True,actor_update,actor_update,actor_parameters,gpu_to_cpu,0.6918819434940815,False,5.750783920288086,,end
FP32-FINAL-CPU-BEST-r3,FP32-FINAL-CPU-BEST,3,ok,8,True,rollout,rollout,actor_parameters,cpu_to_gpu,0.31166888028383255,False,5.750783920288086,,end
FP32-FINAL-CPU-BEST-r3,FP32-FINAL-CPU-BEST,3,ok,8,True,actor_log_prob,actor_log_prob,actor_parameters,gpu_to_cpu,0.6352174393832684,False,5.750783920288086,,end
FP32-FINAL-CPU-BEST-r3,FP32-FINAL-CPU-BEST,3,ok,8,True,reference_log_prob,reference_log_prob,reference_parameters,cpu_to_gpu,0.2681146636605263,False,5.750783920288086,,end
FP32-FINAL-CPU-BEST-r3,FP32-FINAL-CPU-BEST,3,ok,8,True,reference_log_prob,reference_log_prob,reference_parameters,gpu_to_cpu,0.6317867636680603,False,5.750783920288086,,end
FP32-FINAL-CPU-BEST-r3,FP32-FINAL-CPU-BEST,3,ok,8,True,actor_update,actor_update,actor_parameters,cpu_to_gpu,0.26206982508301735,False,5.750783920288086,,end
FP32-FINAL-CPU-BEST-r3,FP32-FINAL-CPU-BEST,3,ok,8,True,actor_update,actor_update,actor_parameters,gpu_to_cpu,0.7067438066005707,False,5.750783920288086,,end
FP32-FINAL-CPU-BEST-r3,FP32-FINAL-CPU-BEST,3,ok,9,True,rollout,rollout,actor_parameters,cpu_to_gpu,0.3010178729891777,False,5.750783920288086,,end
FP32-FINAL-CPU-BEST-r3,FP32-FINAL-CPU-BEST,3,ok,9,True,actor_log_prob,actor_log_prob,actor_parameters,gpu_to_cpu,0.6401442736387253,False,5.750783920288086,,end
FP32-FINAL-CPU-BEST-r3,FP32-FINAL-CPU-BEST,3,ok,9,True,reference_log_prob,reference_log_prob,reference_parameters,cpu_to_gpu,0.27526117861270905,False,5.750783920288086,,end
FP32-FINAL-CPU-BEST-r3,FP32-FINAL-CPU-BEST,3,ok,9,True,reference_log_prob,reference_log_prob,reference_parameters,gpu_to_cpu,0.6349072195589542,False,5.750783920288086,,end
FP32-FINAL-CPU-BEST-r3,FP32-FINAL-CPU-BEST,3,ok,9,True,actor_update,actor_update,actor_parameters,cpu_to_gpu,0.2665979117155075,False,5.750783920288086,,end
FP32-FINAL-CPU-BEST-r3,FP32-FINAL-CPU-BEST,3,ok,9,True,actor_update,actor_update,actor_parameters,gpu_to_cpu,0.6950128525495529,False,5.750783920288086,,end
FP32-FINAL-CPU-BEST-r3,FP32-FINAL-CPU-BEST,3,ok,10,True,rollout,rollout,actor_parameters,cpu_to_gpu,0.3148271143436432,False,5.750783920288086,,end
FP32-FINAL-CPU-BEST-r3,FP32-FINAL-CPU-BEST,3,ok,10,True,actor_log_prob,actor_log_prob,actor_parameters,gpu_to_cpu,0.6403198465704918,False,5.750783920288086,,end
FP32-FINAL-CPU-BEST-r3,FP32-FINAL-CPU-BEST,3,ok,10,True,reference_log_prob,reference_log_prob,reference_parameters,cpu_to_gpu,0.27403524518013,False,5.750783920288086,,end
FP32-FINAL-CPU-BEST-r3,FP32-FINAL-CPU-BEST,3,ok,10,True,reference_log_prob,reference_log_prob,reference_parameters,gpu_to_cpu,0.6330938003957272,False,5.750783920288086,,end
FP32-FINAL-CPU-BEST-r3,FP32-FINAL-CPU-BEST,3,ok,10,True,actor_update,actor_update,actor_parameters,cpu_to_gpu,0.2644016966223717,False,5.750783920288086,,end
FP32-FINAL-CPU-BEST-r3,FP32-FINAL-CPU-BEST,3,ok,10,True,actor_update,actor_update,actor_parameters,gpu_to_cpu,0.8444904908537865,False,5.750783920288086,,end
FP32-FINAL-CPU-BEST-r3,FP32-FINAL-CPU-BEST,3,ok,11,True,rollout,rollout,actor_parameters,cpu_to_gpu,0.3115433342754841,False,5.750783920288086,,end
FP32-FINAL-CPU-BEST-r3,FP32-FINAL-CPU-BEST,3,ok,11,True,actor_log_prob,actor_log_prob,actor_parameters,gpu_to_cpu,0.6408082209527493,False,5.750783920288086,,end
FP32-FINAL-CPU-BEST-r3,FP32-FINAL-CPU-BEST,3,ok,11,True,reference_log_prob,reference_log_prob,reference_parameters,cpu_to_gpu,0.2636825367808342,False,5.750783920288086,,end
FP32-FINAL-CPU-BEST-r3,FP32-FINAL-CPU-BEST,3,ok,11,True,reference_log_prob,reference_log_prob,reference_parameters,gpu_to_cpu,0.6388798765838146,False,5.750783920288086,,end
FP32-FINAL-CPU-BEST-r3,FP32-FINAL-CPU-BEST,3,ok,11,True,actor_update,actor_update,actor_parameters,cpu_to_gpu,0.26823896169662476,False,5.750783920288086,,end
FP32-FINAL-CPU-BEST-r3,FP32-FINAL-CPU-BEST,3,ok,11,True,actor_update,actor_update,actor_parameters,gpu_to_cpu,0.6837175786495209,False,5.750783920288086,,end
FP32-FINAL-CPU-BEST-r3,FP32-FINAL-CPU-BEST,3,ok,12,True,rollout,rollout,actor_parameters,cpu_to_gpu,0.30642249807715416,False,5.750783920288086,,end
FP32-FINAL-CPU-BEST-r3,FP32-FINAL-CPU-BEST,3,ok,12,True,actor_log_prob,actor_log_prob,actor_parameters,gpu_to_cpu,0.6260653994977474,False,5.750783920288086,,end
FP32-FINAL-CPU-BEST-r3,FP32-FINAL-CPU-BEST,3,ok,12,True,reference_log_prob,reference_log_prob,reference_parameters,cpu_to_gpu,0.4625740386545658,False,5.750783920288086,,end
FP32-FINAL-CPU-BEST-r3,FP32-FINAL-CPU-BEST,3,ok,12,True,reference_log_prob,reference_log_prob,reference_parameters,gpu_to_cpu,0.6322781629860401,False,5.750783920288086,,end
FP32-FINAL-CPU-BEST-r3,FP32-FINAL-CPU-BEST,3,ok,12,True,actor_update,actor_update,actor_parameters,cpu_to_gpu,0.2621995359659195,False,5.750783920288086,,end
FP32-FINAL-CPU-BEST-r3,FP32-FINAL-CPU-BEST,3,ok,12,True,actor_update,actor_update,actor_parameters,gpu_to_cpu,0.6933642402291298,False,5.750783920288086,,end
FP32-FINAL-CPU-BEST-r3,FP32-FINAL-CPU-BEST,3,ok,13,True,rollout,rollout,actor_parameters,cpu_to_gpu,0.31154585257172585,False,5.750783920288086,,end
FP32-FINAL-CPU-BEST-r3,FP32-FINAL-CPU-BEST,3,ok,13,True,actor_log_prob,actor_log_prob,actor_parameters,gpu_to_cpu,0.6336315684020519,False,5.750783920288086,,end
FP32-FINAL-CPU-BEST-r3,FP32-FINAL-CPU-BEST,3,ok,13,True,reference_log_prob,reference_log_prob,reference_parameters,cpu_to_gpu,0.26064158231019974,False,5.750783920288086,,end
FP32-FINAL-CPU-BEST-r3,FP32-FINAL-CPU-BEST,3,ok,13,True,reference_log_prob,reference_log_prob,reference_parameters,gpu_to_cpu,0.620971642434597,False,5.750783920288086,,end
FP32-FINAL-CPU-BEST-r3,FP32-FINAL-CPU-BEST,3,ok,13,True,actor_update,actor_update,actor_parameters,cpu_to_gpu,0.26297759264707565,False,5.750783920288086,,end
FP32-FINAL-CPU-BEST-r3,FP32-FINAL-CPU-BEST,3,ok,13,True,actor_update,actor_update,actor_parameters,gpu_to_cpu,0.683532539755106,False,5.750783920288086,,end
FP32-FINAL-CPU-BEST-r3,FP32-FINAL-CPU-BEST,3,ok,14,True,rollout,rollout,actor_parameters,cpu_to_gpu,0.30853113532066345,False,5.750783920288086,,end
FP32-FINAL-CPU-BEST-r3,FP32-FINAL-CPU-BEST,3,ok,14,True,actor_log_prob,actor_log_prob,actor_parameters,gpu_to_cpu,0.6224895231425762,False,5.750783920288086,,end
FP32-FINAL-CPU-BEST-r3,FP32-FINAL-CPU-BEST,3,ok,14,True,reference_log_prob,reference_log_prob,reference_parameters,cpu_to_gpu,0.27333368733525276,False,5.750783920288086,,end
FP32-FINAL-CPU-BEST-r3,FP32-FINAL-CPU-BEST,3,ok,14,True,reference_log_prob,reference_log_prob,reference_parameters,gpu_to_cpu,0.6248129867017269,False,5.750783920288086,,end
FP32-FINAL-CPU-BEST-r3,FP32-FINAL-CPU-BEST,3,ok,14,True,actor_update,actor_update,actor_parameters,cpu_to_gpu,0.2640364430844784,False,5.750783920288086,,end
FP32-FINAL-CPU-BEST-r3,FP32-FINAL-CPU-BEST,3,ok,14,True,actor_update,actor_update,actor_parameters,gpu_to_cpu,0.6886590234935284,False,5.750783920288086,,end
FP32-FINAL-CPU-BEST-r3,FP32-FINAL-CPU-BEST,3,ok,15,True,rollout,rollout,actor_parameters,cpu_to_gpu,0.31242629513144493,False,5.750783920288086,,end
FP32-FINAL-CPU-BEST-r3,FP32-FINAL-CPU-BEST,3,ok,15,True,actor_log_prob,actor_log_prob,actor_parameters,gpu_to_cpu,0.6284717805683613,False,5.750783920288086,,end
FP32-FINAL-CPU-BEST-r3,FP32-FINAL-CPU-BEST,3,ok,15,True,reference_log_prob,reference_log_prob,reference_parameters,cpu_to_gpu,0.2618957385420799,False,5.750783920288086,,end
FP32-FINAL-CPU-BEST-r3,FP32-FINAL-CPU-BEST,3,ok,15,True,reference_log_prob,reference_log_prob,reference_parameters,gpu_to_cpu,0.6314524859189987,False,5.750783920288086,,end
FP32-FINAL-CPU-BEST-r3,FP32-FINAL-CPU-BEST,3,ok,15,True,actor_update,actor_update,actor_parameters,cpu_to_gpu,0.26130127534270287,False,5.750783920288086,,end
FP32-FINAL-CPU-BEST-r3,FP32-FINAL-CPU-BEST,3,ok,15,True,actor_update,actor_update,actor_parameters,gpu_to_cpu,0.6906287707388401,False,5.750783920288086,,end
FP32-FINAL-CPU-BEST-r3,FP32-FINAL-CPU-BEST,3,ok,16,True,rollout,rollout,actor_parameters,cpu_to_gpu,0.49926984682679176,False,5.750783920288086,,end
FP32-FINAL-CPU-BEST-r3,FP32-FINAL-CPU-BEST,3,ok,16,True,actor_log_prob,actor_log_prob,actor_parameters,gpu_to_cpu,0.63418959826231,False,5.750783920288086,,end
FP32-FINAL-CPU-BEST-r3,FP32-FINAL-CPU-BEST,3,ok,16,True,reference_log_prob,reference_log_prob,reference_parameters,cpu_to_gpu,0.2647918201982975,False,5.750783920288086,,end
FP32-FINAL-CPU-BEST-r3,FP32-FINAL-CPU-BEST,3,ok,16,True,reference_log_prob,reference_log_prob,reference_parameters,gpu_to_cpu,0.6249797195196152,False,5.750783920288086,,end
FP32-FINAL-CPU-BEST-r3,FP32-FINAL-CPU-BEST,3,ok,16,True,actor_update,actor_update,actor_parameters,cpu_to_gpu,0.2577124238014221,False,5.750783920288086,,end
FP32-FINAL-CPU-BEST-r3,FP32-FINAL-CPU-BEST,3,ok,16,True,actor_update,actor_update,actor_parameters,gpu_to_cpu,0.6921764127910137,False,5.750783920288086,,end
FP32-FINAL-CPU-BEST-r3,FP32-FINAL-CPU-BEST,3,ok,17,True,rollout,rollout,actor_parameters,cpu_to_gpu,0.3127846270799637,False,5.750783920288086,,end
FP32-FINAL-CPU-BEST-r3,FP32-FINAL-CPU-BEST,3,ok,17,True,actor_log_prob,actor_log_prob,actor_parameters,gpu_to_cpu,0.635083831846714,False,5.750783920288086,,end
FP32-FINAL-CPU-BEST-r3,FP32-FINAL-CPU-BEST,3,ok,17,True,reference_log_prob,reference_log_prob,reference_parameters,cpu_to_gpu,0.262405451387167,False,5.750783920288086,,end
FP32-FINAL-CPU-BEST-r3,FP32-FINAL-CPU-BEST,3,ok,17,True,reference_log_prob,reference_log_prob,reference_parameters,gpu_to_cpu,0.6299052089452744,False,5.750783920288086,,end
FP32-FINAL-CPU-BEST-r3,FP32-FINAL-CPU-BEST,3,ok,17,True,actor_update,actor_update,actor_parameters,cpu_to_gpu,0.2631039693951607,False,5.750783920288086,,end
FP32-FINAL-CPU-BEST-r3,FP32-FINAL-CPU-BEST,3,ok,17,True,actor_update,actor_update,actor_parameters,gpu_to_cpu,0.6904665119946003,False,5.750783920288086,,end
FP32-FINAL-CPU-BEST-r3,FP32-FINAL-CPU-BEST,3,ok,18,True,rollout,rollout,actor_parameters,cpu_to_gpu,0.30847810581326485,False,5.750783920288086,,end
FP32-FINAL-CPU-BEST-r3,FP32-FINAL-CPU-BEST,3,ok,18,True,actor_log_prob,actor_log_prob,actor_parameters,gpu_to_cpu,0.640044815838337,False,5.750783920288086,,end
FP32-FINAL-CPU-BEST-r3,FP32-FINAL-CPU-BEST,3,ok,18,True,reference_log_prob,reference_log_prob,reference_parameters,cpu_to_gpu,0.2630874812602997,False,5.750783920288086,,end
FP32-FINAL-CPU-BEST-r3,FP32-FINAL-CPU-BEST,3,ok,18,True,reference_log_prob,reference_log_prob,reference_parameters,gpu_to_cpu,0.6307992339134216,False,5.750783920288086,,end
FP32-FINAL-CPU-BEST-r3,FP32-FINAL-CPU-BEST,3,ok,18,True,actor_update,actor_update,actor_parameters,cpu_to_gpu,0.4406438171863556,False,5.750783920288086,,end
FP32-FINAL-CPU-BEST-r3,FP32-FINAL-CPU-BEST,3,ok,18,True,actor_update,actor_update,actor_parameters,gpu_to_cpu,0.6912394054234028,False,5.750783920288086,,end
FP32-FINAL-CPU-BEST-r3,FP32-FINAL-CPU-BEST,3,ok,19,True,rollout,rollout,actor_parameters,cpu_to_gpu,0.31380602717399597,False,5.750783920288086,,end
FP32-FINAL-CPU-BEST-r3,FP32-FINAL-CPU-BEST,3,ok,19,True,actor_log_prob,actor_log_prob,actor_parameters,gpu_to_cpu,0.6313345581293106,False,5.750783920288086,,end
FP32-FINAL-CPU-BEST-r3,FP32-FINAL-CPU-BEST,3,ok,19,True,reference_log_prob,reference_log_prob,reference_parameters,cpu_to_gpu,0.26572901010513306,False,5.750783920288086,,end
FP32-FINAL-CPU-BEST-r3,FP32-FINAL-CPU-BEST,3,ok,19,True,reference_log_prob,reference_log_prob,reference_parameters,gpu_to_cpu,0.6219207420945168,False,5.750783920288086,,end
FP32-FINAL-CPU-BEST-r3,FP32-FINAL-CPU-BEST,3,ok,19,True,actor_update,actor_update,actor_parameters,cpu_to_gpu,0.27103667333722115,False,5.750783920288086,,end
FP32-FINAL-CPU-BEST-r3,FP32-FINAL-CPU-BEST,3,ok,19,True,actor_update,actor_update,actor_parameters,gpu_to_cpu,0.6945994421839714,False,5.750783920288086,,end
FP32-FINAL-CPU-BEST-r3,FP32-FINAL-CPU-BEST,3,ok,20,True,rollout,rollout,actor_parameters,cpu_to_gpu,0.2924397438764572,False,5.750783920288086,,end
FP32-FINAL-CPU-BEST-r3,FP32-FINAL-CPU-BEST,3,ok,20,True,actor_log_prob,actor_log_prob,actor_parameters,gpu_to_cpu,0.6238466575741768,False,5.750783920288086,,end
FP32-FINAL-CPU-BEST-r3,FP32-FINAL-CPU-BEST,3,ok,20,True,reference_log_prob,reference_log_prob,reference_parameters,cpu_to_gpu,0.2782146632671356,False,5.750783920288086,,end
FP32-FINAL-CPU-BEST-r3,FP32-FINAL-CPU-BEST,3,ok,20,True,reference_log_prob,reference_log_prob,reference_parameters,gpu_to_cpu,0.634489506483078,False,5.750783920288086,,end
FP32-FINAL-CPU-BEST-r3,FP32-FINAL-CPU-BEST,3,ok,20,True,actor_update,actor_update,actor_parameters,cpu_to_gpu,0.2701500430703163,False,5.750783920288086,,end
FP32-FINAL-CPU-BEST-r3,FP32-FINAL-CPU-BEST,3,ok,20,True,actor_update,actor_update,actor_parameters,gpu_to_cpu,0.6867800988256931,False,5.750783920288086,,end
FP32-FINAL-CPU-BEST-r3,FP32-FINAL-CPU-BEST,3,ok,21,True,rollout,rollout,actor_parameters,cpu_to_gpu,0.3222193084657192,False,5.750783920288086,,end
FP32-FINAL-CPU-BEST-r3,FP32-FINAL-CPU-BEST,3,ok,21,True,actor_log_prob,actor_log_prob,actor_parameters,gpu_to_cpu,0.8020529747009277,False,5.750783920288086,,end
FP32-FINAL-CPU-BEST-r3,FP32-FINAL-CPU-BEST,3,ok,21,True,reference_log_prob,reference_log_prob,reference_parameters,cpu_to_gpu,0.26430191844701767,False,5.750783920288086,,end
FP32-FINAL-CPU-BEST-r3,FP32-FINAL-CPU-BEST,3,ok,21,True,reference_log_prob,reference_log_prob,reference_parameters,gpu_to_cpu,0.6338357739150524,False,5.750783920288086,,end
FP32-FINAL-CPU-BEST-r3,FP32-FINAL-CPU-BEST,3,ok,21,True,actor_update,actor_update,actor_parameters,cpu_to_gpu,0.27026277408003807,False,5.750783920288086,,end
FP32-FINAL-CPU-BEST-r3,FP32-FINAL-CPU-BEST,3,ok,21,True,actor_update,actor_update,actor_parameters,gpu_to_cpu,0.6875258311629295,False,5.750783920288086,,end
FP32-FINAL-CPU-BEST-r3,FP32-FINAL-CPU-BEST,3,ok,22,True,rollout,rollout,actor_parameters,cpu_to_gpu,0.3073870800435543,False,5.750783920288086,,end
FP32-FINAL-CPU-BEST-r3,FP32-FINAL-CPU-BEST,3,ok,22,True,actor_log_prob,actor_log_prob,actor_parameters,gpu_to_cpu,0.6402456015348434,False,5.750783920288086,,end
FP32-FINAL-CPU-BEST-r3,FP32-FINAL-CPU-BEST,3,ok,22,True,reference_log_prob,reference_log_prob,reference_parameters,cpu_to_gpu,0.2718580588698387,False,5.750783920288086,,end
FP32-FINAL-CPU-BEST-r3,FP32-FINAL-CPU-BEST,3,ok,22,True,reference_log_prob,reference_log_prob,reference_parameters,gpu_to_cpu,0.6241380237042904,False,5.750783920288086,,end
FP32-FINAL-CPU-BEST-r3,FP32-FINAL-CPU-BEST,3,ok,22,True,actor_update,actor_update,actor_parameters,cpu_to_gpu,0.2651340551674366,False,5.750783920288086,,end
FP32-FINAL-CPU-BEST-r3,FP32-FINAL-CPU-BEST,3,ok,22,True,actor_update,actor_update,actor_parameters,gpu_to_cpu,0.6937119960784912,False,5.750783920288086,,end
FP32-FINAL-CPU-BEST-r3,FP32-FINAL-CPU-BEST,3,ok,23,True,rollout,rollout,actor_parameters,cpu_to_gpu,0.30219073966145515,False,5.750783920288086,,end
FP32-FINAL-CPU-BEST-r3,FP32-FINAL-CPU-BEST,3,ok,23,True,actor_log_prob,actor_log_prob,actor_parameters,gpu_to_cpu,0.6375080682337284,False,5.750783920288086,,end
FP32-FINAL-CPU-BEST-r3,FP32-FINAL-CPU-BEST,3,ok,23,True,reference_log_prob,reference_log_prob,reference_parameters,cpu_to_gpu,0.26991569995880127,False,5.750783920288086,,end
FP32-FINAL-CPU-BEST-r3,FP32-FINAL-CPU-BEST,3,ok,23,True,reference_log_prob,reference_log_prob,reference_parameters,gpu_to_cpu,0.6332760825753212,False,5.750783920288086,,end
FP32-FINAL-CPU-BEST-r3,FP32-FINAL-CPU-BEST,3,ok,23,True,actor_update,actor_update,actor_parameters,cpu_to_gpu,0.46223922446370125,False,5.750783920288086,,end
FP32-FINAL-CPU-BEST-r3,FP32-FINAL-CPU-BEST,3,ok,23,True,actor_update,actor_update,actor_parameters,gpu_to_cpu,0.6927644163370132,False,5.750783920288086,,end
FP32-FINAL-CPU-BEST-r3,FP32-FINAL-CPU-BEST,3,ok,24,True,rollout,rollout,actor_parameters,cpu_to_gpu,0.3079066798090935,False,5.750783920288086,,end
FP32-FINAL-CPU-BEST-r3,FP32-FINAL-CPU-BEST,3,ok,24,True,actor_log_prob,actor_log_prob,actor_parameters,gpu_to_cpu,0.6390857174992561,False,5.750783920288086,,end
FP32-FINAL-CPU-BEST-r3,FP32-FINAL-CPU-BEST,3,ok,24,True,reference_log_prob,reference_log_prob,reference_parameters,cpu_to_gpu,0.2644409239292145,False,5.750783920288086,,end
FP32-FINAL-CPU-BEST-r3,FP32-FINAL-CPU-BEST,3,ok,24,True,reference_log_prob,reference_log_prob,reference_parameters,gpu_to_cpu,0.6374569870531559,False,5.750783920288086,,end
FP32-FINAL-CPU-BEST-r3,FP32-FINAL-CPU-BEST,3,ok,24,True,actor_update,actor_update,actor_parameters,cpu_to_gpu,0.2629668116569519,False,5.750783920288086,,end
FP32-FINAL-CPU-BEST-r3,FP32-FINAL-CPU-BEST,3,ok,24,True,actor_update,actor_update,actor_parameters,gpu_to_cpu,0.8874180354177952,False,5.750783920288086,,end
FP32-FINAL-CPU-BEST-r3,FP32-FINAL-CPU-BEST,3,ok,25,True,rollout,rollout,actor_parameters,cpu_to_gpu,0.3067278563976288,False,5.750783920288086,,end
FP32-FINAL-CPU-BEST-r3,FP32-FINAL-CPU-BEST,3,ok,25,True,actor_log_prob,actor_log_prob,actor_parameters,gpu_to_cpu,0.6523959562182426,False,5.750783920288086,,end
FP32-FINAL-CPU-BEST-r3,FP32-FINAL-CPU-BEST,3,ok,25,True,reference_log_prob,reference_log_prob,reference_parameters,cpu_to_gpu,0.2653864212334156,False,5.750783920288086,,end
FP32-FINAL-CPU-BEST-r3,FP32-FINAL-CPU-BEST,3,ok,25,True,reference_log_prob,reference_log_prob,reference_parameters,gpu_to_cpu,0.6233076453208923,False,5.750783920288086,,end
FP32-FINAL-CPU-BEST-r3,FP32-FINAL-CPU-BEST,3,ok,25,True,actor_update,actor_update,actor_parameters,cpu_to_gpu,0.2635475620627403,False,5.750783920288086,,end
FP32-FINAL-CPU-BEST-r3,FP32-FINAL-CPU-BEST,3,ok,25,True,actor_update,actor_update,actor_parameters,gpu_to_cpu,0.6875091642141342,False,5.750783920288086,,end
FP32-FINAL-CPU-BEST-r3,FP32-FINAL-CPU-BEST,3,ok,26,True,rollout,rollout,actor_parameters,cpu_to_gpu,0.3003354035317898,False,5.750783920288086,,end
FP32-FINAL-CPU-BEST-r3,FP32-FINAL-CPU-BEST,3,ok,26,True,actor_log_prob,actor_log_prob,actor_parameters,gpu_to_cpu,0.7441338375210762,False,5.750783920288086,,end
FP32-FINAL-CPU-BEST-r3,FP32-FINAL-CPU-BEST,3,ok,26,True,reference_log_prob,reference_log_prob,reference_parameters,cpu_to_gpu,0.26331092044711113,False,5.750783920288086,,end
FP32-FINAL-CPU-BEST-r3,FP32-FINAL-CPU-BEST,3,ok,26,True,reference_log_prob,reference_log_prob,reference_parameters,gpu_to_cpu,0.6322461329400539,False,5.750783920288086,,end
FP32-FINAL-CPU-BEST-r3,FP32-FINAL-CPU-BEST,3,ok,26,True,actor_update,actor_update,actor_parameters,cpu_to_gpu,0.2598002478480339,False,5.750783920288086,,end
FP32-FINAL-CPU-BEST-r3,FP32-FINAL-CPU-BEST,3,ok,26,True,actor_update,actor_update,actor_parameters,gpu_to_cpu,0.6890894249081612,False,5.750783920288086,,end
FP32-FINAL-CPU-BEST-r3,FP32-FINAL-CPU-BEST,3,ok,27,True,rollout,rollout,actor_parameters,cpu_to_gpu,0.3140496462583542,False,5.750783920288086,,end
FP32-FINAL-CPU-BEST-r3,FP32-FINAL-CPU-BEST,3,ok,27,True,actor_log_prob,actor_log_prob,actor_parameters,gpu_to_cpu,0.6353275291621685,False,5.750783920288086,,end
FP32-FINAL-CPU-BEST-r3,FP32-FINAL-CPU-BEST,3,ok,27,True,reference_log_prob,reference_log_prob,reference_parameters,cpu_to_gpu,0.26722370833158493,False,5.750783920288086,,end
FP32-FINAL-CPU-BEST-r3,FP32-FINAL-CPU-BEST,3,ok,27,True,reference_log_prob,reference_log_prob,reference_parameters,gpu_to_cpu,0.6283844038844109,False,5.750783920288086,,end
FP32-FINAL-CPU-BEST-r3,FP32-FINAL-CPU-BEST,3,ok,27,True,actor_update,actor_update,actor_parameters,cpu_to_gpu,0.26097381860017776,False,5.750783920288086,,end
FP32-FINAL-CPU-BEST-r3,FP32-FINAL-CPU-BEST,3,ok,27,True,actor_update,actor_update,actor_parameters,gpu_to_cpu,0.6880106963217258,False,5.750783920288086,,end
FP32-FINAL-CPU-BEST-r3,FP32-FINAL-CPU-BEST,3,ok,28,True,rollout,rollout,actor_parameters,cpu_to_gpu,0.30013498291373253,False,5.750783920288086,,end
FP32-FINAL-CPU-BEST-r3,FP32-FINAL-CPU-BEST,3,ok,28,True,actor_log_prob,actor_log_prob,actor_parameters,gpu_to_cpu,0.6349438838660717,False,5.750783920288086,,end
FP32-FINAL-CPU-BEST-r3,FP32-FINAL-CPU-BEST,3,ok,28,True,reference_log_prob,reference_log_prob,reference_parameters,cpu_to_gpu,0.26718632876873016,False,5.750783920288086,,end
FP32-FINAL-CPU-BEST-r3,FP32-FINAL-CPU-BEST,3,ok,28,True,reference_log_prob,reference_log_prob,reference_parameters,gpu_to_cpu,0.6335418932139874,False,5.750783920288086,,end
FP32-FINAL-CPU-BEST-r3,FP32-FINAL-CPU-BEST,3,ok,28,True,actor_update,actor_update,actor_parameters,cpu_to_gpu,0.2608846463263035,False,5.750783920288086,,end
FP32-FINAL-CPU-BEST-r3,FP32-FINAL-CPU-BEST,3,ok,28,True,actor_update,actor_update,actor_parameters,gpu_to_cpu,0.6852315589785576,False,5.750783920288086,,end
FP32-FINAL-CPU-BEST-r3,FP32-FINAL-CPU-BEST,3,ok,29,True,rollout,rollout,actor_parameters,cpu_to_gpu,0.31506194174289703,False,5.750783920288086,,end
FP32-FINAL-CPU-BEST-r3,FP32-FINAL-CPU-BEST,3,ok,29,True,actor_log_prob,actor_log_prob,actor_parameters,gpu_to_cpu,0.6356712765991688,False,5.750783920288086,,end
FP32-FINAL-CPU-BEST-r3,FP32-FINAL-CPU-BEST,3,ok,29,True,reference_log_prob,reference_log_prob,reference_parameters,cpu_to_gpu,0.2669758200645447,False,5.750783920288086,,end
FP32-FINAL-CPU-BEST-r3,FP32-FINAL-CPU-BEST,3,ok,29,True,reference_log_prob,reference_log_prob,reference_parameters,gpu_to_cpu,0.6344489306211472,False,5.750783920288086,,end
FP32-FINAL-CPU-BEST-r3,FP32-FINAL-CPU-BEST,3,ok,29,True,actor_update,actor_update,actor_parameters,cpu_to_gpu,0.26926810294389725,False,5.750783920288086,,end
FP32-FINAL-CPU-BEST-r3,FP32-FINAL-CPU-BEST,3,ok,29,True,actor_update,actor_update,actor_parameters,gpu_to_cpu,0.6889214143157005,False,5.750783920288086,,end
FP32-FINAL-CPU-BEST-r3,FP32-FINAL-CPU-BEST,3,ok,30,True,rollout,rollout,actor_parameters,cpu_to_gpu,0.41964680701494217,False,5.750783920288086,,end
FP32-FINAL-CPU-BEST-r3,FP32-FINAL-CPU-BEST,3,ok,30,True,actor_log_prob,actor_log_prob,actor_parameters,gpu_to_cpu,0.6311101168394089,False,5.750783920288086,,end
FP32-FINAL-CPU-BEST-r3,FP32-FINAL-CPU-BEST,3,ok,30,True,reference_log_prob,reference_log_prob,reference_parameters,cpu_to_gpu,0.2618812583386898,False,5.750783920288086,,end
FP32-FINAL-CPU-BEST-r3,FP32-FINAL-CPU-BEST,3,ok,30,True,reference_log_prob,reference_log_prob,reference_parameters,gpu_to_cpu,0.6224631033837795,False,5.750783920288086,,end
FP32-FINAL-CPU-BEST-r3,FP32-FINAL-CPU-BEST,3,ok,30,True,actor_update,actor_update,actor_parameters,cpu_to_gpu,0.2705225646495819,False,5.750783920288086,,end
FP32-FINAL-CPU-BEST-r3,FP32-FINAL-CPU-BEST,3,ok,30,True,actor_update,actor_update,actor_parameters,gpu_to_cpu,0.6908830739557743,False,5.750783920288086,,end
FP32-FINAL-CPU-BEST-r3,FP32-FINAL-CPU-BEST,3,ok,31,True,rollout,rollout,actor_parameters,cpu_to_gpu,0.30839647725224495,False,5.750783920288086,,end
FP32-FINAL-CPU-BEST-r3,FP32-FINAL-CPU-BEST,3,ok,31,True,actor_log_prob,actor_log_prob,actor_parameters,gpu_to_cpu,0.6336197257041931,False,5.750783920288086,,end
FP32-FINAL-CPU-BEST-r3,FP32-FINAL-CPU-BEST,3,ok,31,True,reference_log_prob,reference_log_prob,reference_parameters,cpu_to_gpu,0.2693583406507969,False,5.750783920288086,,end
FP32-FINAL-CPU-BEST-r3,FP32-FINAL-CPU-BEST,3,ok,31,True,reference_log_prob,reference_log_prob,reference_parameters,gpu_to_cpu,0.6206769198179245,False,5.750783920288086,,end
FP32-FINAL-CPU-BEST-r3,FP32-FINAL-CPU-BEST,3,ok,31,True,actor_update,actor_update,actor_parameters,cpu_to_gpu,0.2728191651403904,False,5.750783920288086,,end
FP32-FINAL-CPU-BEST-r3,FP32-FINAL-CPU-BEST,3,ok,31,True,actor_update,actor_update,actor_parameters,gpu_to_cpu,0.6877937465906143,False,5.750783920288086,,end
FP32-FINAL-CPU-BEST-r3,FP32-FINAL-CPU-BEST,3,ok,32,True,rollout,rollout,actor_parameters,cpu_to_gpu,0.3105824254453182,False,5.750783920288086,,end
FP32-FINAL-CPU-BEST-r3,FP32-FINAL-CPU-BEST,3,ok,32,True,actor_log_prob,actor_log_prob,actor_parameters,gpu_to_cpu,0.6406669095158577,False,5.750783920288086,,end
FP32-FINAL-CPU-BEST-r3,FP32-FINAL-CPU-BEST,3,ok,32,True,reference_log_prob,reference_log_prob,reference_parameters,cpu_to_gpu,0.2636783979833126,False,5.750783920288086,,end
FP32-FINAL-CPU-BEST-r3,FP32-FINAL-CPU-BEST,3,ok,32,True,reference_log_prob,reference_log_prob,reference_parameters,gpu_to_cpu,0.8097266182303429,False,5.750783920288086,,end
FP32-FINAL-CPU-BEST-r3,FP32-FINAL-CPU-BEST,3,ok,32,True,actor_update,actor_update,actor_parameters,cpu_to_gpu,0.26515933126211166,False,5.750783920288086,,end
FP32-FINAL-CPU-BEST-r3,FP32-FINAL-CPU-BEST,3,ok,32,True,actor_update,actor_update,actor_parameters,gpu_to_cpu,0.6913950331509113,False,5.750783920288086,,end
FP32-FINAL-GPU-OPT-r1,FP32-FINAL-GPU-OPT,1,cuda_oom,1,False,rollout,rollout,actor_parameters,cpu_to_gpu,0.3393941968679428,False,5.750783920288086,,end
FP32-FINAL-GPU-OPT-r1,FP32-FINAL-GPU-OPT,1,cuda_oom,1,False,actor_log_prob,actor_log_prob,actor_parameters,gpu_to_cpu,0.6335492059588432,False,5.750783920288086,,end
FP32-FINAL-GPU-OPT-r1,FP32-FINAL-GPU-OPT,1,cuda_oom,1,False,reference_log_prob,reference_log_prob,reference_parameters,cpu_to_gpu,0.2671871706843376,False,5.750783920288086,,end
FP32-FINAL-GPU-OPT-r1,FP32-FINAL-GPU-OPT,1,cuda_oom,1,False,reference_log_prob,reference_log_prob,reference_parameters,gpu_to_cpu,0.6467219442129135,False,5.750783920288086,,end
FP32-FINAL-GPU-OPT-r1,FP32-FINAL-GPU-OPT,1,cuda_oom,1,False,actor_update,actor_update,actor_parameters,cpu_to_gpu,0.27457620203495026,False,5.750783920288086,,end
