output_group,runs,ok,failed,incomplete,first_started_at,last_finished_at,path
activation-fallback-smoke,2,2,0,0,2026-07-27T14:49:46.044690,2026-07-27T14:51:40.096300,outputs/activation-fallback-smoke
activation-fixed-full,9,7,2,0,2026-07-27T14:53:00.351518,2026-07-27T15:28:31.389718,outputs/activation-fixed-full
actor-phase-async-smoke,1,1,0,0,2026-08-06T16:11:18.231881,2026-08-06T16:13:29.567293,outputs/actor-phase-async-smoke
all-gpu-memory-diagnostic-v1,1,1,0,0,2026-08-07T14:28:04.374794,2026-08-07T14:28:56.738963,outputs/all-gpu-memory-diagnostic-v1
all-gpu-memory-diagnostic-v2,1,1,0,0,2026-08-07T14:35:12.025262,2026-08-07T14:36:10.079167,outputs/all-gpu-memory-diagnostic-v2
all-gpu-memory-diagnostic-v3,1,1,0,0,2026-08-07T14:36:42.592714,2026-08-07T14:37:43.649813,outputs/all-gpu-memory-diagnostic-v3
backward-nsys-rootcause-v1,2,1,1,0,2026-08-13T20:49:01.620301,2026-08-13T20:59:05.641597,outputs/backward-nsys-rootcause-v1
core-memory-diagnostics-v1,2,1,1,0,2026-08-07T14:47:23.579453,2026-08-07T14:51:56.126878,outputs/core-memory-diagnostics-v1
cpu-best-foreach-true-fp32-v1,1,1,0,0,2026-08-10T10:15:12.412440,2026-08-10T10:21:04.217045,outputs/cpu-best-foreach-true-fp32-v1
non-fsdp-unified-fp16-smoke-v1,1,1,0,0,2026-08-06T11:11:23.338641,2026-08-06T11:12:10.878430,outputs/non-fsdp-unified-fp16-smoke-v1
non-fsdp-unified-smoke-v1,9,9,0,0,2026-08-06T10:59:17.757729,2026-08-06T11:06:43.723343,outputs/non-fsdp-unified-smoke-v1
non-fsdp-unified-v1,48,48,0,0,2026-08-06T11:17:31.236666,2026-08-06T16:11:55.355842,outputs/non-fsdp-unified-v1
nostream-vs-16mib-direct-remeasure-v1,6,6,0,0,2026-08-13T14:22:51.673680,2026-08-13T14:55:35.441508,outputs/nostream-vs-16mib-direct-remeasure-v1
nostream-vs-16mib-telemetry-once-gpu1-v1,2,2,0,0,2026-08-13T18:44:02.967159,2026-08-13T18:55:00.784644,outputs/nostream-vs-16mib-telemetry-once-gpu1-v1
nostream-vs-16mib-telemetry-once-v1,2,2,0,0,2026-08-13T15:04:20.332791,2026-08-13T15:15:12.851378,outputs/nostream-vs-16mib-telemetry-once-v1
offload-c04-diagnostics-final,27,18,9,0,2026-07-28T13:02:07.798715,2026-07-28T13:22:19.397633,outputs/offload-c04-diagnostics-final
offload-c04-diagnostics-v1,10,6,4,0,2026-07-28T12:06:04.841425,2026-07-28T12:13:32.165188,outputs/offload-c04-diagnostics-v1
offload-fullft-v3,24,21,3,0,2026-07-27T13:13:13.062930,2026-07-27T14:44:38.368482,outputs/offload-fullft-v3
offload-fullft-v4,15,12,3,0,2026-07-27T13:13:13.062930,2026-07-27T14:16:36.992718,outputs/offload-fullft-v4
offload-fullft-v5-detail,8,7,1,0,2026-07-27T16:15:34.046248,2026-07-27T16:28:44.148677,outputs/offload-fullft-v5-detail
offload-fullft-v5-performance,24,21,3,0,2026-07-27T18:23:44.146479,2026-07-27T19:56:00.606543,outputs/offload-fullft-v5-performance
offload-fullft-v5-smoke,5,4,1,0,2026-07-27T16:05:59.980590,2026-07-27T16:09:44.767126,outputs/offload-fullft-v5-smoke
offload-g01-expandable-check,1,1,0,0,2026-07-29T14:19:02.602247,2026-07-29T14:24:11.828299,outputs/offload-g01-expandable-check
offload-gpu-adam-residency-v1-performance,18,18,0,0,2026-07-28T17:16:09.354337,2026-07-28T18:32:02.813368,outputs/offload-gpu-adam-residency-v1-performance
offload-gpu-adam-residency-v2-noforeach-performance,1,0,1,0,2026-07-29T13:09:37.714255,2026-07-29T13:10:18.946366,outputs/offload-gpu-adam-residency-v2-noforeach-performance
offload-gpu-adam-residency-v2-performance,15,12,3,0,2026-07-29T12:51:55.595245,2026-07-29T14:08:14.940474,outputs/offload-gpu-adam-residency-v2-performance
offload-gpu-adam-residency-v2-performance-final,1,0,1,0,2026-07-29T13:10:45.752382,2026-07-29T13:11:26.707825,outputs/offload-gpu-adam-residency-v2-performance-final
offload-gpu-adam-residency-v3-performance,15,15,0,0,2026-07-29T14:28:04.696761,2026-07-29T15:44:40.209703,outputs/offload-gpu-adam-residency-v3-performance
offload-measurement-v2,5,4,1,0,2026-07-27T11:36:50.327179,2026-07-27T11:42:05.537672,outputs/offload-measurement-v2
offload-residency-smoke,3,3,0,0,2026-07-27T15:37:47.849866,2026-07-27T15:40:25.844055,outputs/offload-residency-smoke
offload-residency-v1-detail,6,6,0,0,2026-07-27T16:29:10.098678,2026-07-27T16:43:39.029634,outputs/offload-residency-v1-detail
offload-residency-v1-performance,18,18,0,0,2026-07-27T16:49:03.491151,2026-07-27T17:32:33.799655,outputs/offload-residency-v1-performance
offload-residency-v1-smoke,3,3,0,0,2026-07-27T16:10:56.764864,2026-07-27T16:13:32.825090,outputs/offload-residency-v1-smoke
offload-residency-v2-performance,9,9,0,0,2026-07-29T11:11:25.043067,2026-07-29T12:24:05.260585,outputs/offload-residency-v2-performance
offload-residency-v2-smoke,3,3,0,0,2026-07-29T11:07:33.339288,2026-07-29T11:10:22.308166,outputs/offload-residency-v2-smoke
pa-activation-probe-fp32-v1,2,1,1,0,2026-08-10T15:06:01.170744,2026-08-10T15:07:23.675108,outputs/pa-activation-probe-fp32-v1
pa-allocator-best-v1,4,4,0,0,2026-08-07T11:32:14.239808,2026-08-07T11:40:41.676052,outputs/pa-allocator-best-v1
pa-allocator-native-confirm,1,1,0,0,2026-08-07T11:42:28.722301,2026-08-07T11:44:36.278315,outputs/pa-allocator-native-confirm
pa-allocator-opt-smoke,7,6,0,1,2026-08-07T11:10:38.357801,2026-08-07T11:23:19.792494,outputs/pa-allocator-opt-smoke
pa-allocator-opt-smoke-remain,2,2,0,0,2026-08-07T11:21:54.090382,2026-08-07T11:26:24.490650,outputs/pa-allocator-opt-smoke-remain
pa-async-fixed2-memory-check,1,1,0,0,2026-08-07T10:06:09.150254,2026-08-07T10:07:25.318292,outputs/pa-async-fixed2-memory-check
pa-async-fixed2-quick,1,1,0,0,2026-08-07T10:00:26.733126,2026-08-07T10:02:32.594194,outputs/pa-async-fixed2-quick
pa-async-quick,1,1,0,0,2026-08-06T16:15:19.005593,2026-08-06T16:17:26.238050,outputs/pa-async-quick
pa-capacity-fp32-qwen15b-bucket-sweep-v1,13,13,0,0,2026-08-10T13:32:57.069748,2026-08-10T19:09:10.784789,outputs/pa-capacity-fp32-qwen15b-bucket-sweep-v1
pa-capacity-fp32-qwen15b-nostream-oom-snapshot-v1,1,0,1,0,2026-08-10T13:19:06.217068,2026-08-10T13:20:06.894784,outputs/pa-capacity-fp32-qwen15b-nostream-oom-snapshot-v1
pa-capacity-fp32-qwen15b-nostream-oom-snapshot-v2,1,0,1,0,2026-08-10T13:25:03.786145,2026-08-10T13:26:04.156086,outputs/pa-capacity-fp32-qwen15b-nostream-oom-snapshot-v2
pa-capacity-fp32-qwen15b-v1,5,3,2,0,2026-08-10T11:01:11.192116,2026-08-10T13:07:13.526023,outputs/pa-capacity-fp32-qwen15b-v1
pa-cpu-adam-all-phase-fp32-v1,2,2,0,0,2026-08-10T16:49:18.931561,2026-08-10T16:59:36.882419,outputs/pa-cpu-adam-all-phase-fp32-v1
pa-cpu-adam-isolation-fp32-v1,2,0,2,0,2026-08-10T16:34:29.807214,2026-08-10T16:34:38.243717,outputs/pa-cpu-adam-isolation-fp32-v1
pa-cpu-adam-isolation-fp32-v2,2,2,0,0,2026-08-10T16:36:12.430104,2026-08-10T16:45:50.170825,outputs/pa-cpu-adam-isolation-fp32-v2
pa-current-paired-quick-v1,2,2,0,0,2026-08-13T10:52:07.473839,2026-08-13T11:05:41.165041,outputs/pa-current-paired-quick-v1
pa-final-qwen15b-best-v1,1,0,1,0,2026-08-09T12:23:09.364554,2026-08-09T12:23:54.090649,outputs/pa-final-qwen15b-best-v1
pa-final-v1,15,15,0,0,2026-08-07T15:33:15.626098,2026-08-07T17:19:49.620039,outputs/pa-final-v1
pa-late-gpu-adam-30steps-v1,1,1,0,0,2026-08-11T16:39:49.494793,2026-08-11T16:43:56.057377,outputs/pa-late-gpu-adam-30steps-v1
pa-memory-sweep-v1,12,12,0,0,2026-08-07T13:18:32.695884,2026-08-07T13:43:34.088688,outputs/pa-memory-sweep-v1
pa-optimized-bucket-sweep-v1,18,18,0,0,2026-08-12T17:10:43.485686,2026-08-12T18:43:55.804842,outputs/pa-optimized-bucket-sweep-v1
pa-part-expand-control,1,1,0,0,2026-08-07T11:47:26.967202,2026-08-07T11:49:28.820108,outputs/pa-part-expand-control
pa-phase-local-peak-backward-lazy-v1,1,1,0,0,2026-08-10T19:26:14.295664,2026-08-10T19:27:52.478692,outputs/pa-phase-local-peak-backward-lazy-v1
pa-phase-local-peak-lazy-buffer-v1,1,1,0,0,2026-08-10T19:19:58.570913,2026-08-10T19:21:31.481206,outputs/pa-phase-local-peak-lazy-buffer-v1
pa-phase-local-peak-nostream-v1,1,1,0,0,2026-08-10T19:50:57.442875,2026-08-10T19:52:27.325508,outputs/pa-phase-local-peak-nostream-v1
pa-phase-local-peak-nostream-v2,1,0,1,0,2026-08-12T13:20:22.300659,2026-08-12T13:22:32.745384,outputs/pa-phase-local-peak-nostream-v2
pa-phase-local-peak-nostream-v3,1,0,1,0,2026-08-12T13:25:12.800359,2026-08-12T13:27:15.901370,outputs/pa-phase-local-peak-nostream-v3
pa-phase-local-peak-nostream-v4,1,1,0,0,2026-08-12T13:41:23.568332,2026-08-12T13:46:53.758984,outputs/pa-phase-local-peak-nostream-v4
pa-phase-local-peak-v1,1,1,0,0,2026-08-10T19:10:19.275643,2026-08-10T19:11:51.802547,outputs/pa-phase-local-peak-v1
pa-repro-fp32-bucket-extra-v1,6,6,0,0,2026-08-10T15:44:53.471874,2026-08-10T16:20:22.891256,outputs/pa-repro-fp32-bucket-extra-v1
pa-repro-fp32-late-optimizer-smoke,1,0,1,0,2026-08-10T14:54:42.246882,2026-08-10T14:54:46.503879,outputs/pa-repro-fp32-late-optimizer-smoke
pa-repro-fp32-late-optimizer-smoke-v2,2,2,0,0,2026-08-10T14:55:26.175216,2026-08-10T15:00:10.915199,outputs/pa-repro-fp32-late-optimizer-smoke-v2
pa-repro-fp32-v1,48,42,6,0,2026-08-09T12:56:46.744870,2026-08-10T15:42:39.163941,outputs/pa-repro-fp32-v1
pa-saved-activation-probe-fp32-v1,1,1,0,0,2026-08-10T15:08:47.509224,2026-08-10T15:09:37.826520,outputs/pa-saved-activation-probe-fp32-v1
pa-stream-bucket-sweep-nt-v1,4,4,0,0,2026-08-12T16:36:18.408649,2026-08-12T16:42:52.054860,outputs/pa-stream-bucket-sweep-nt-v1
pa-stream-direct-final-sweep-v1,3,3,0,0,2026-08-12T16:51:01.575900,2026-08-12T16:55:48.075577,outputs/pa-stream-direct-final-sweep-v1
pa-stream-foreach-test-v1,1,1,0,0,2026-08-12T16:56:40.543806,2026-08-12T16:58:15.686729,outputs/pa-stream-foreach-test-v1
pa-stream-optimized-final-v1,3,3,0,0,2026-08-12T16:58:57.615179,2026-08-12T17:05:36.853327,outputs/pa-stream-optimized-final-v1
pa-stream-optimized-phase-v1,1,1,0,0,2026-08-12T17:06:13.621738,2026-08-12T17:07:49.845947,outputs/pa-stream-optimized-phase-v1
pa-stream128-direct-nt-v1,1,1,0,0,2026-08-12T16:46:51.227754,2026-08-12T16:48:26.199871,outputs/pa-stream128-direct-nt-v1
pa-stream16-lazy-final-v1,3,3,0,0,2026-08-13T10:18:41.181560,2026-08-13T10:34:09.429469,outputs/pa-stream16-lazy-final-v1
pa-stream16-lazy-phase-v1,1,1,0,0,2026-08-13T10:35:39.367396,2026-08-13T10:37:16.275154,outputs/pa-stream16-lazy-phase-v1
pa-stream64-2slot-no-telemetry-quick-v1,1,1,0,0,2026-08-12T16:23:17.037380,2026-08-12T16:25:16.060340,outputs/pa-stream64-2slot-no-telemetry-quick-v1
pa-stream64-no-telemetry-quick-v1,1,1,0,0,2026-08-12T16:20:03.092181,2026-08-12T16:22:00.987185,outputs/pa-stream64-no-telemetry-quick-v1
phase-best-vs-cpu-adamw-memory-v1,2,2,0,0,2026-08-13T13:13:07.600181,2026-08-13T13:22:47.617726,outputs/phase-best-vs-cpu-adamw-memory-v1
phase-best-vs-cpu-adamw-performance-v1,6,6,0,0,2026-08-13T11:29:52.641487,2026-08-13T12:00:12.505548,outputs/phase-best-vs-cpu-adamw-performance-v1
rootcause-abc-sequential-gpu1-v1,3,3,0,0,2026-08-13T19:55:35.540446,2026-08-13T20:11:56.350832,outputs/rootcause-abc-sequential-gpu1-v1
rootcause-abc-v1,3,3,0,0,2026-08-13T19:47:40.399795,2026-08-13T19:53:51.513699,outputs/rootcause-abc-v1
stream16-pipeline-performance-3x-gpu1-v1,3,3,0,0,2026-08-13T20:20:18.641513,2026-08-13T20:35:17.893946,outputs/stream16-pipeline-performance-3x-gpu1-v1
stream16-pipeline-performance-once-gpu1-v1,1,1,0,0,2026-08-13T20:12:29.779638,2026-08-13T20:17:29.356382,outputs/stream16-pipeline-performance-once-gpu1-v1
stream16-s3-fresh-clone-telemetry-once-gpu1-v1,1,1,0,0,2026-08-13T19:15:34.225751,2026-08-13T19:21:21.148812,outputs/stream16-s3-fresh-clone-telemetry-once-gpu1-v1
stream16-s3-materialized-telemetry-once-gpu1-v1,1,1,0,0,2026-08-13T18:35:50.913484,2026-08-13T18:41:31.737236,outputs/stream16-s3-materialized-telemetry-once-gpu1-v1
stream16-s3-materialized-telemetry-once-v1,1,0,1,0,2026-08-13T18:33:32.076449,2026-08-13T18:33:58.883005,outputs/stream16-s3-materialized-telemetry-once-v1
stream16-s3-pageable-telemetry-once-v1,1,1,0,0,2026-08-13T15:23:54.796508,2026-08-13T15:29:36.114738,outputs/stream16-s3-pageable-telemetry-once-v1
zero-offload-z00-smoke,1,0,1,0,2026-08-05T16:19:09.429813,2026-08-05T16:19:47.142148,outputs/zero-offload-z00-smoke
zero-offload-z01-z03-smoke,3,3,0,0,2026-08-05T15:46:33.926028,2026-08-05T15:52:22.684151,outputs/zero-offload-z01-z03-smoke
zero-offload-z01-z03-smoke-v2,1,1,0,0,2026-08-05T15:53:16.596147,2026-08-05T15:54:02.072714,outputs/zero-offload-z01-z03-smoke-v2
zero-offload-z03m-z04-precision-v1,2,2,0,0,2026-08-05T16:37:20.312883,2026-08-05T16:38:53.578670,outputs/zero-offload-z03m-z04-precision-v1
zero-offload-z04-z06-smoke,4,4,0,0,2026-08-05T16:08:36.109654,2026-08-05T16:16:06.517810,outputs/zero-offload-z04-z06-smoke
zero-offload-z06-stability-smoke,1,1,0,0,2026-08-05T16:12:26.586468,2026-08-05T16:13:37.469996,outputs/zero-offload-z06-stability-smoke
